architecture,alpha,train_seed,neighbor_mode,update,mean_success,mean_completion,mean_steps,mean_return,policy_loss,value_loss,entropy
shared,0.0,0,visible,1,0.5,0.875,72.75,0.8850000000000113,-0.013422163927579013,0.08904603810730846,1.6025368324878497
shared,0.0,0,visible,2,0.5,0.9166666666666667,91.25,0.025000000000021422,-0.005016185952735187,0.05308230461154031,1.60237700777225
shared,0.0,0,visible,3,0.75,0.8333333333333334,84.0,-0.03999999999997739,-0.005980029039493954,0.08340914567176977,1.6008574308444188
shared,0.0,0,visible,4,0.75,0.9583333333333334,58.25,2.2550000000000097,-0.007264671254861417,0.13276485209578717,1.5959414765341793
shared,0.0,0,visible,5,1.0,1.0,40.75,3.5550000000000264,-0.008176161686207209,0.1460677403849141,1.593975254169877
shared,0.0,0,visible,6,0.75,0.9583333333333334,72.25,1.4150000000000313,-0.008092763443201395,0.07699372104887263,1.593824037410081
shared,0.0,0,visible,7,1.0,1.0,38.5,3.6900000000000137,-0.010561358201875823,0.11414151795372074,1.5907854818951848
shared,0.0,0,visible,8,1.0,1.0,39.25,3.6450000000000307,-0.010742603332024364,0.10667997097955047,1.5901122393711835
shared,0.0,0,visible,9,0.75,0.9583333333333334,61.75,2.0450000000000332,-0.0060979591384031214,0.07234974517992132,1.5871181101072267
shared,0.0,0,visible,10,0.5,0.875,78.5,0.5400000000000272,-0.00587861612616034,0.06648484151891683,1.5854419889183844
shared,0.0,0,visible,11,1.0,1.0,43.5,3.390000000000034,-0.00992795784297061,0.09000196030761473,1.5796711699495647
shared,0.0,0,visible,12,1.0,1.0,57.25,2.5650000000000177,-0.008638214036459868,0.08974655303462532,1.575056734848471
shared,0.0,0,visible,13,0.75,0.9583333333333334,52.0,2.6300000000000407,-0.011654998045403785,0.06417755895491946,1.5757857607915242
shared,0.0,0,visible,14,1.0,1.0,22.75,4.635000000000022,-0.018102696176404847,0.1523828115909489,1.5359348165022921
shared,0.0,0,visible,15,1.0,1.0,31.0,4.140000000000026,-0.017083700102680323,0.16017515021647866,1.5373955991383539
shared,0.0,0,visible,16,0.75,0.9583333333333334,61.25,2.075000000000029,-0.009427191363875756,0.06018189823172185,1.5402453562999245
shared,0.0,0,visible,17,1.0,1.0,26.25,4.42500000000002,-0.0148322510424757,0.2228955936740081,1.4973578689895466
shared,0.0,0,visible,18,1.0,1.0,27.25,4.3650000000000295,-0.022077295549136726,0.09439117825863913,1.5114046238621315
shared,0.0,0,visible,19,1.0,1.0,20.5,4.770000000000018,-0.024451118094448897,0.1855980571670206,1.4670697884333765
shared,0.0,0,visible,20,1.0,1.0,18.25,4.905000000000015,-0.013562387834666621,0.13120161552211693,1.4676786180966461
shared,0.0,0,visible,21,0.5,0.9166666666666667,65.5,1.5700000000000396,-0.009317777279605598,0.05182055511257842,1.4856095845185164
shared,0.0,0,visible,22,1.0,1.0,14.75,5.1150000000000135,-0.026268620507214662,0.17173889648678448,1.4089769407257666
shared,0.0,0,visible,23,1.0,1.0,22.0,4.680000000000024,-0.020535665247780745,0.1138007026268898,1.4502281903103051
shared,0.0,0,visible,24,1.0,1.0,15.75,5.055000000000014,-0.019736417811123452,0.19608649030825553,1.3977625378386005
shared,0.0,0,visible,25,1.0,1.0,15.0,5.100000000000012,-0.021563805869451516,0.25990956082761113,1.3280575299543125
shared,0.0,0,visible,26,1.0,1.0,13.25,5.205000000000011,-0.03236209800027302,0.2838323713877336,1.2623112533023713
shared,0.0,0,visible,27,1.0,1.0,10.5,5.37000000000001,-0.0265715229890989,0.16170832892681516,1.2623312548248846
shared,0.0,0,visible,28,1.0,1.0,25.75,4.455000000000015,-0.01811089807976981,0.15367206569002878,1.384427251298381
shared,0.0,0,visible,29,1.0,1.0,23.0,4.620000000000024,-0.019288385311085298,0.08722400341273305,1.3416266785575226
shared,0.0,0,visible,30,1.0,1.0,12.75,5.235000000000012,-0.022061831553306765,0.19005760310644895,1.2782882486511453
shared,0.0,1,visible,1,0.5,0.8333333333333333,93.5,-0.6099999999999955,-0.013000046178938325,0.0724000754669484,1.601779326082076
shared,0.0,1,visible,2,0.75,0.9583333333333334,61.25,2.0750000000000215,-0.007005246626773257,0.08782085439794911,1.5971386235497367
shared,0.0,1,visible,3,0.25,0.8750000000000001,87.75,-0.014999999999982222,-0.004921138762752052,0.06376866637132124,1.5945019158788305
shared,0.0,1,visible,4,1.0,1.0,60.5,2.370000000000016,-0.009344678357644421,0.09698096941082432,1.5873306403619873
shared,0.0,1,visible,5,0.5,0.9166666666666667,93.0,-0.0799999999999832,-0.004515642154494388,0.05543787297037194,1.5838634861849366
shared,0.0,1,visible,6,0.75,0.9166666666666666,96.75,-0.3049999999999859,-0.004745896888244321,0.05509618072460063,1.5750764190987594
shared,0.0,1,visible,7,0.75,0.9583333333333334,59.5,2.1800000000000166,-0.008573352616268588,0.0920372777823657,1.56688869134412
shared,0.0,1,visible,8,0.5,0.9166666666666667,79.75,0.7150000000000126,-0.004669135376285306,0.07573731862923187,1.559441702730418
shared,0.0,1,visible,9,0.75,0.9583333333333334,76.0,1.1900000000000355,-0.007148380856223376,0.0676033453819111,1.5524723614770575
shared,0.0,1,visible,10,1.0,1.0,58.75,2.475000000000034,-0.008319136546175365,0.08863865699999718,1.53887780850636
shared,0.0,1,visible,11,1.0,1.0,42.0,3.4800000000000315,-0.012924239360646104,0.14127624701547384,1.523113065727986
shared,0.0,1,visible,12,0.75,0.9583333333333334,63.25,1.955000000000029,-0.01127691447912657,0.09205877645693789,1.5166856056464608
shared,0.0,1,visible,13,1.0,1.0,41.5,3.5100000000000406,-0.010442583433842264,0.07627531403962588,1.5073229787401423
shared,0.0,1,visible,14,1.0,1.0,34.75,3.915000000000026,-0.019836977850155067,0.10773401730268023,1.515325789905239
shared,0.0,1,visible,15,1.0,1.0,21.5,4.710000000000017,-0.02194361496439804,0.15054587606042363,1.5070457227097842
shared,0.0,1,visible,16,1.0,1.0,40.5,3.5700000000000305,-0.011500419951536873,0.1166078526539948,1.514080037770766
shared,0.0,1,visible,17,1.0,1.0,12.0,5.28000000000001,-0.04476043834212058,0.1601019055651937,1.461300854043183
shared,0.0,1,visible,18,1.0,1.0,18.5,4.890000000000015,-0.012473153336230284,0.20387017751007203,1.446247316464698
shared,0.0,1,visible,19,0.75,0.9583333333333334,37.0,3.5300000000000242,-0.01302603543926203,0.08936168594126782,1.469752403466007
shared,0.0,1,visible,20,1.0,1.0,18.25,4.905000000000014,-0.02279660567628662,0.18012834883574305,1.4104867348879628
shared,0.0,1,visible,21,1.0,1.0,17.5,4.950000000000015,-0.019179818043203314,0.2090761456017828,1.3620190996624475
shared,0.0,1,visible,22,1.0,1.0,18.75,4.87500000000002,-0.01524570004467518,0.1303114778029619,1.3870274608937954
shared,0.0,1,visible,23,1.0,1.0,12.25,5.265000000000012,-0.028977087499589126,0.1360880027022752,1.3632317428275058
shared,0.0,1,visible,24,1.0,1.0,23.75,4.575000000000026,-0.017087121896846507,0.11307971638870021,1.3867167458805683
shared,0.0,1,visible,25,1.0,1.0,23.25,4.605000000000023,-0.01606700994217787,0.1464274736604546,1.4070057906158682
shared,0.0,1,visible,26,1.0,1.0,12.25,5.265000000000011,-0.015714417506505374,0.14834111255690882,1.3312580410908346
shared,0.0,1,visible,27,1.0,1.0,11.0,5.340000000000009,-0.023573588335310185,0.21993535010933662,1.2694387392855906
shared,0.0,1,visible,28,1.0,1.0,9.0,5.460000000000008,-0.02855925508394022,0.15838666933819698,1.224918818603174
shared,0.0,1,visible,29,1.0,1.0,16.5,5.010000000000016,-0.020334811383231798,0.18280733711593036,1.2847731431402107
shared,0.0,1,visible,30,1.0,1.0,13.25,5.2050000000000125,-0.01881153841393234,0.22209376534066655,1.215524600462879
shared,0.0,2,visible,1,0.75,0.875,90.25,-0.16499999999997905,-0.012229364914487607,0.07518307577531726,1.602010569366792
shared,0.0,2,visible,2,0.0,0.75,100.0,-1.499999999999976,-0.0066749698118198295,0.045390384250170696,1.5980841199720386
shared,0.0,2,visible,3,0.25,0.75,77.5,-0.14999999999999541,-0.005836939954924117,0.05691787779204293,1.594452096804168
shared,0.0,2,visible,4,0.25,0.8333333333333334,99.75,-0.9849999999999886,-0.004649738258447607,0.061004304278659674,1.5910506490002947
shared,0.0,2,visible,5,0.75,0.875,62.0,1.5300000000000278,-0.006333472330272907,0.07423592626635088,1.5897188706834542
shared,0.0,2,visible,6,0.75,0.9583333333333334,86.75,0.5450000000000084,-0.0059611916363343865,0.09059309113662649,1.589689832440721
shared,0.0,2,visible,7,0.5,0.875,93.75,-0.37499999999997913,-0.0058113742651888555,0.055517107386556644,1.587056989931408
shared,0.0,2,visible,8,0.75,0.9583333333333334,73.0,1.370000000000037,-0.004953441669509667,0.06633390240072277,1.5806557166919037
shared,0.0,2,visible,9,0.5,0.9166666666666667,80.0,0.7000000000000088,-0.00494866969982711,0.07588811039791078,1.5722603457373618
shared,0.0,2,visible,10,0.5,0.875,81.75,0.3450000000000262,-0.006916559757028827,0.054848323722157345,1.5706495525261093
shared,0.0,2,visible,11,0.75,0.9166666666666666,50.5,2.4700000000000166,-0.011460799585567503,0.08934526948896428,1.5596858121635673
shared,0.0,2,visible,12,1.0,1.0,50.25,2.985000000000033,-0.008722628592604491,0.08656591717222659,1.560810048672915
shared,0.0,2,visible,13,0.75,0.9583333333333334,49.75,2.7650000000000285,-0.010890851596148452,0.0704953894189758,1.553983199206987
shared,0.0,2,visible,14,1.0,1.0,31.0,4.140000000000026,-0.017573678305900516,0.09109338184056512,1.5351982427719664
shared,0.0,2,visible,15,1.0,1.0,41.0,3.5400000000000396,-0.016953781438492865,0.08685825734040636,1.526610401671921
shared,0.0,2,visible,16,1.0,1.0,66.75,1.9950000000000547,-0.005377143914995046,0.0559562519970575,1.5242391943363165
shared,0.0,2,visible,17,0.75,0.9583333333333334,54.75,2.465000000000033,-0.011651352543690763,0.09147430386813543,1.513067111890598
shared,0.0,2,visible,18,0.75,0.9583333333333334,40.25,3.3350000000000204,-0.01825197548308443,0.10068494276470287,1.493362200725986
shared,0.0,2,visible,19,1.0,1.0,15.25,5.085000000000014,-0.03106921913740319,0.18078259767209562,1.4379412661249513
shared,0.0,2,visible,20,1.0,1.0,23.5,4.590000000000022,-0.017619228987345064,0.14773267545006533,1.4294040528863072
shared,0.0,2,visible,21,1.0,1.0,16.5,5.010000000000017,-0.027680604080381994,0.11977156247076082,1.3839345194742332
shared,0.0,2,visible,22,1.0,1.0,34.5,3.9300000000000397,-0.010417029778566022,0.1012907132812607,1.4034398823491259
shared,0.0,2,visible,23,1.0,1.0,16.75,4.995000000000016,-0.021448816895414127,0.1737244573966037,1.3405873376059836
shared,0.0,2,visible,24,1.0,1.0,20.5,4.770000000000021,-0.023389527785906108,0.16678989095572186,1.3402384310452966
shared,0.0,2,visible,25,1.0,1.0,13.5,5.190000000000014,-0.026900606196328555,0.1749480157005988,1.2924164003959189
shared,0.0,2,visible,26,1.0,1.0,20.25,4.78500000000002,-0.02171990466878105,0.10643280843959825,1.332230183407087
shared,0.0,2,visible,27,1.0,1.0,18.0,4.920000000000017,-0.021109544224199972,0.11298507211663776,1.3189604808753161
shared,0.0,2,visible,28,1.0,1.0,8.75,5.4750000000000085,-0.03662545726918614,0.20617299471357314,1.1529962408546517
shared,0.0,2,visible,29,1.0,1.0,9.75,5.415000000000008,-0.02781366272724537,0.16747218234139133,1.1656290125946904
shared,0.0,2,visible,30,1.0,1.0,13.75,5.175000000000013,-0.022500763086941402,0.205632522219658,1.1838728046861255
shared,0.25,0,visible,1,0.5,0.875,72.75,7.447500000000073,-0.008944483428346583,0.12396781958272003,1.6020342006703532
shared,0.25,0,visible,2,0.25,0.8750000000000001,93.5,6.202500000000116,-0.006002096570917712,0.07446498052695406,1.6027677021366697
shared,0.25,0,visible,3,0.5,0.875,74.75,7.327500000000079,-0.005132529702780898,0.13636308009964984,1.6017202573503768
shared,0.25,0,visible,4,1.0,1.0,56.5,10.11000000000006,-0.005004011447917807,0.13543130745428825,1.5964816035411002
shared,0.25,0,visible,5,0.5,0.875,85.25,6.697500000000101,-0.005277006688729644,0.088549895775521,1.595493498614689
shared,0.25,0,visible,6,1.0,1.0,57.5,10.050000000000058,-0.007815276750780633,0.10463579040774189,1.5936348375461649
shared,0.25,0,visible,7,0.5,0.9166666666666667,72.25,8.040000000000079,-0.006271238209092474,0.14863097213614415,1.5920778031918486
shared,0.25,0,visible,8,0.5,0.9166666666666667,71.75,8.070000000000089,-0.006204949680233117,0.0825609937062561,1.5839784580014078
shared,0.25,0,visible,9,0.75,0.9583333333333334,47.75,10.072500000000058,-0.0051544511667283716,0.11489043224483762,1.5744224699702059
shared,0.25,0,visible,10,0.75,0.9583333333333334,57.5,9.487500000000063,-0.008604454576881602,0.10505801592746494,1.5621382880342514
shared,0.25,0,visible,11,1.0,1.0,59.0,9.96000000000007,-0.005146704689220125,0.07100942291216675,1.5518935492119683
shared,0.25,0,visible,12,0.25,0.8750000000000001,95.25,6.097500000000112,-0.005038208383015212,0.10109372387767192,1.5476943009327933
shared,0.25,0,visible,13,0.5,0.9166666666666667,68.0,8.29500000000008,-0.0070476387859192795,0.08179452186817347,1.545494594065437
shared,0.25,0,visible,14,0.75,0.9583333333333334,39.75,10.552500000000048,-0.009421749933773512,0.12316627174765371,1.5372712016297485
shared,0.25,0,visible,15,0.75,0.9583333333333334,55.75,9.592500000000065,-0.008681211280740663,0.1367535417410252,1.5353512099909419
shared,0.25,0,visible,16,0.5,0.875,63.5,8.002500000000076,-0.004514981010419636,0.09719296651935133,1.5344165973366584
shared,0.25,0,visible,17,1.0,1.0,39.5,11.13000000000004,-0.008927572639683561,0.205244323159506,1.5076646387185533
shared,0.25,0,visible,18,1.0,1.0,18.0,12.420000000000018,-0.01982851178146754,0.21916042777223765,1.4911054772538082
shared,0.25,0,visible,19,1.0,1.0,27.0,11.880000000000027,-0.012099230768542031,0.2790156538753644,1.4613510348986825
shared,0.25,0,visible,20,1.0,1.0,27.0,11.880000000000033,-0.009006920962353464,0.14368638807183792,1.473124280989678
shared,0.25,0,visible,21,0.75,0.9583333333333334,49.5,9.967500000000062,-0.006408081709653407,0.0931324089337976,1.4859337130522516
shared,0.25,0,visible,22,1.0,1.0,16.5,12.510000000000018,-0.02025424845812895,0.19757331096521924,1.409015844613276
shared,0.25,0,visible,23,0.75,0.9583333333333334,36.75,10.732500000000044,-0.006292365165542773,0.09829989560191088,1.4423718039787892
shared,0.25,0,visible,24,1.0,1.0,11.75,12.795000000000012,-0.020604045629265353,0.2309369669348567,1.3499130542469986
shared,0.25,0,visible,25,0.5,0.9166666666666667,56.25,9.000000000000068,-0.008314426947969475,0.09925099542498957,1.4752207854528858
shared,0.25,0,visible,26,0.75,0.9583333333333334,32.75,10.972500000000037,-0.010460536755147782,0.11407141082062237,1.4478425149034102
shared,0.25,0,visible,27,0.75,0.9583333333333334,36.0,10.777500000000044,-0.010919626698712282,0.0785908550985254,1.4637691149835996
shared,0.25,0,visible,28,1.0,1.0,21.0,12.240000000000025,-0.017416265185547303,0.2689813697396098,1.399490668077053
shared,0.25,0,visible,29,1.0,1.0,14.0,12.660000000000014,-0.018726546809400516,0.14699088465232965,1.365399491348094
shared,0.25,0,visible,30,1.0,1.0,11.0,12.84000000000001,-0.012345705955283823,0.3484598578791815,1.3192651345711253
shared,0.25,1,visible,1,0.5,0.8333333333333333,93.5,5.640000000000085,-0.009861986212429306,0.08898852185400175,1.6019375592276177
shared,0.25,1,visible,2,0.5,0.875,85.5,6.682500000000099,-0.006085206686739415,0.08705894393442463,1.600074240959226
shared,0.25,1,visible,3,0.25,0.8750000000000001,87.5,6.562500000000091,-0.005179557004572271,0.10816091827993014,1.6004105203901582
shared,0.25,1,visible,4,1.0,1.0,36.75,11.295000000000037,-0.007792297559413615,0.23153239744004125,1.5973243461874265
shared,0.25,1,visible,5,0.5,0.7916666666666666,86.5,5.497500000000095,-0.0038620749071253783,0.09304605092840852,1.5979741886552343
shared,0.25,1,visible,6,0.5,0.7916666666666666,76.0,6.127500000000073,-0.004303106005959017,0.10481929681234907,1.5947724706320003
shared,0.25,1,visible,7,0.25,0.7916666666666667,82.25,5.752500000000078,-0.0034305525365499355,0.09205971911775558,1.595035260888031
shared,0.25,1,visible,8,0.5,0.875,79.5,7.042500000000092,-0.005686003792576023,0.08762519007052241,1.5934687059854424
shared,0.25,1,visible,9,1.0,1.0,41.0,11.040000000000044,-0.009034124665847201,0.14300039593187225,1.5906538348773285
shared,0.25,1,visible,10,1.0,1.0,41.25,11.025000000000045,-0.010012451556548299,0.14844593162809006,1.5827506062720926
shared,0.25,1,visible,11,0.75,0.9583333333333334,53.75,9.712500000000055,-0.005225951397840727,0.13223556938433792,1.5804322853648132
shared,0.25,1,visible,12,0.5,0.875,72.75,7.447500000000085,-0.005474479423917158,0.1353828492251707,1.574502349164961
shared,0.25,1,visible,13,1.0,1.0,41.0,11.040000000000045,-0.008302443166555304,0.13539934297648307,1.568712289615367
shared,0.25,1,visible,14,0.75,0.9583333333333334,70.75,8.692500000000086,-0.007307410015082369,0.09094828321337857,1.5785539423195332
shared,0.25,1,visible,15,1.0,1.0,49.0,10.560000000000054,-0.0066802167311468,0.12816004205621945,1.5706143188727197
shared,0.25,1,visible,16,1.0,1.0,35.25,11.385000000000037,-0.009853516588137318,0.14403145363814449,1.56392242753846
shared,0.25,1,visible,17,1.0,1.0,34.5,11.43000000000004,-0.010696961328809628,0.10916354912513988,1.5592426657362073
shared,0.25,1,visible,18,1.0,1.0,33.25,11.505000000000035,-0.009527364757720966,0.22235006105756075,1.5420515663780223
shared,0.25,1,visible,19,0.75,0.9583333333333334,63.25,9.142500000000078,-0.006718896671957954,0.08871590143477205,1.5598059315726314
shared,0.25,1,visible,20,1.0,1.0,26.75,11.895000000000026,-0.0210554475949831,0.1955511257249815,1.5231634114794133
shared,0.25,1,visible,21,1.0,1.0,28.75,11.775000000000032,-0.011337981512637773,0.1363855809501816,1.5238254355634324
shared,0.25,1,visible,22,1.0,1.0,20.25,12.285000000000021,-0.022563910211578046,0.14753633822032708,1.4800910190221723
shared,0.25,1,visible,23,1.0,1.0,31.0,11.640000000000036,-0.010523160452294417,0.11763671068102827,1.4871058738439544
shared,0.25,1,visible,24,1.0,1.0,21.5,12.210000000000022,-0.014865881376882615,0.15541594704021883,1.4673617338987899
shared,0.25,1,visible,25,1.0,1.0,31.5,11.610000000000037,-0.009545802838133544,0.10191482724843795,1.4560400511721752
shared,0.25,1,visible,26,0.75,0.9166666666666666,41.25,9.900000000000048,-0.009717511864250792,0.10422710894913666,1.4772918338316223
shared,0.25,1,visible,27,1.0,1.0,13.5,12.690000000000014,-0.02021738760917217,0.25099511861673574,1.3651388115970402
shared,0.25,1,visible,28,1.0,1.0,16.0,12.540000000000017,-0.016612938058190706,0.15528915246346167,1.4177411071972579
shared,0.25,1,visible,29,1.0,1.0,24.75,12.015000000000029,-0.015174033872891499,0.15281569457066538,1.4532968042858994
shared,0.25,1,visible,30,1.0,1.0,11.0,12.840000000000012,-0.016749369264033368,0.3002748234543811,1.3158548210181558
shared,0.25,2,visible,1,0.75,0.875,90.25,6.3975000000000835,-0.009075413901452108,0.09054894955778045,1.6025697033661326
shared,0.25,2,visible,2,0.25,0.8333333333333334,79.5,6.480000000000097,-0.007318560628592737,0.09127646495445342,1.6015845742485375
shared,0.25,2,visible,3,0.5,0.8333333333333333,64.0,7.4100000000000525,-0.005668392303043075,0.1185937259422714,1.600210506874382
shared,0.25,2,visible,4,0.5,0.875,76.0,7.252500000000084,-0.0037039143297291537,0.11053680897386892,1.5979772354244801
shared,0.25,2,visible,5,0.5,0.9166666666666667,72.25,8.040000000000088,-0.003741093138687902,0.11044398167081705,1.596715856545957
shared,0.25,2,visible,6,0.5,0.875,76.0,7.2525000000000475,-0.00520464187035005,0.09593455771845327,1.5943160527506455
shared,0.25,2,visible,7,0.5,0.875,84.5,6.742500000000094,-0.004777616506826132,0.0601992551347813,1.5919108175531014
shared,0.25,2,visible,8,0.5,0.875,82.0,6.892500000000101,-0.0043794994734634085,0.0590709744716397,1.5880809667881046
shared,0.25,2,visible,9,0.25,0.8333333333333334,85.25,6.1350000000000975,-0.004069693504947613,0.09560848863580587,1.5838649686726842
shared,0.25,2,visible,10,0.25,0.7916666666666667,92.0,5.167500000000098,-0.0035359570158429382,0.08258238228735824,1.5778618424806685
shared,0.25,2,visible,11,0.5,0.7916666666666667,81.5,5.797500000000064,-0.005901286977563025,0.0638274263013175,1.5677654950929012
shared,0.25,2,visible,12,0.75,0.9583333333333334,69.25,8.782500000000088,-0.00669366106307322,0.06740667525913187,1.563273943852981
shared,0.25,2,visible,13,0.25,0.7916666666666666,95.0,4.987500000000116,-0.0070153348188495826,0.05227144151994025,1.56176524878285
shared,0.25,2,visible,14,0.75,0.9583333333333334,70.25,8.722500000000084,-0.005272568296040331,0.07909683633119036,1.5623358848695965
shared,0.25,2,visible,15,0.5,0.9166666666666667,79.0,7.635000000000094,-0.00686889839215145,0.07746858188837814,1.5623629805973633
shared,0.25,2,visible,16,0.5,0.9166666666666667,65.5,8.445000000000078,-0.009578114434615079,0.08327289010746061,1.568826906582582
shared,0.25,2,visible,17,1.0,1.0,29.25,11.74500000000003,-0.009770518409854765,0.13489431367160729,1.5496601352679498
shared,0.25,2,visible,18,1.0,1.0,30.25,11.685000000000032,-0.014385356033609574,0.1604942239243759,1.5383382639119232
shared,0.25,2,visible,19,1.0,1.0,41.5,11.010000000000051,-0.009349091713730974,0.10306011538045379,1.5409127811680832
shared,0.25,2,visible,20,1.0,1.0,24.5,12.030000000000026,-0.02326872046299917,0.12524103684140472,1.5097020980129248
shared,0.25,2,visible,21,1.0,1.0,17.0,12.48000000000002,-0.020581157355162097,0.16017779027943682,1.458528942331987
shared,0.25,2,visible,22,0.75,0.9583333333333334,46.5,10.147500000000058,-0.00810910453627967,0.09848561785309319,1.4809968266761906
shared,0.25,2,visible,23,0.75,0.9583333333333334,40.75,10.49250000000005,-0.014849508708402388,0.13996691309632475,1.4859532943335565
shared,0.25,2,visible,24,1.0,1.0,42.5,10.950000000000053,-0.008689956518029856,0.10147301329630903,1.483501207457216
shared,0.25,2,visible,25,1.0,1.0,22.5,12.150000000000025,-0.016847632176219235,0.18341888030818515,1.4512079084287557
shared,0.25,2,visible,26,1.0,1.0,22.25,12.165000000000026,-0.02248966939546141,0.13247148489771665,1.4130851267795086
shared,0.25,2,visible,27,1.0,1.0,16.5,12.510000000000018,-0.01392917583233517,0.16747811691681258,1.3981830821600323
shared,0.25,2,visible,28,1.0,1.0,32.25,11.565000000000039,-0.009923031883548665,0.11385122452956177,1.4147249364950902
shared,0.25,2,visible,29,1.0,1.0,11.0,12.84000000000001,-0.03493235746210881,0.2475109854558198,1.2926466938136163
shared,0.25,2,visible,30,1.0,1.0,21.25,12.225000000000025,-0.014585252100391383,0.22830382135677463,1.3782502328128412
shared,0.5,0,visible,1,0.5,0.875,72.75,14.010000000000081,-0.006542900914194328,0.24981697050008028,1.6013511311036885
shared,0.5,0,visible,2,0.5,0.8333333333333333,87.5,12.250000000000107,-0.004129268102459166,0.1362004197942161,1.6007717459862987
shared,0.5,0,visible,3,0.5,0.9166666666666667,77.75,14.585000000000068,-0.0037680761232734565,0.23891310799980417,1.5982923975605934
shared,0.5,0,visible,4,0.5,0.875,76.0,13.815000000000042,-0.003242847952477811,0.22065220332962815,1.5920115441000755
shared,0.5,0,visible,5,0.0,0.7916666666666667,100.0,10.625000000000112,-0.00382800402790236,0.19897651816465087,1.5931224814654434
shared,0.5,0,visible,6,0.5,0.7916666666666666,77.0,12.005000000000077,-0.003673401651312416,0.1961768400969882,1.5933920010567557
shared,0.5,0,visible,7,0.75,0.9583333333333334,75.25,15.610000000000037,-0.003197713078870917,0.24011045880491708,1.5952978601883774
shared,0.5,0,visible,8,0.5,0.875,66.25,14.400000000000079,-0.004109145840369854,0.15724454655865655,1.5962651820728617
shared,0.5,0,visible,9,0.75,0.9583333333333334,79.25,15.370000000000084,-0.0024929442589518755,0.17421178513677202,1.5947233385614932
shared,0.5,0,visible,10,0.25,0.8333333333333334,87.25,12.265000000000104,-0.0035049034762347146,0.15296368166465732,1.591401296647
shared,0.5,0,visible,11,0.5,0.875,81.75,13.470000000000095,-0.0032724677134009796,0.14009348806050614,1.5878213545182949
shared,0.5,0,visible,12,0.25,0.8333333333333334,80.75,12.655000000000097,-0.0027200812949729923,0.19384949106063534,1.5865960061257687
shared,0.5,0,visible,13,0.5,0.9166666666666667,77.5,14.600000000000072,-0.005437166401434571,0.16179755533837686,1.5864850920062892
shared,0.5,0,visible,14,0.5,0.9166666666666667,59.75,15.66500000000001,-0.005494285719142182,0.2648703615648063,1.5807700568983034
shared,0.5,0,visible,15,0.5,0.8333333333333334,64.25,13.645000000000053,-0.0045081653362241386,0.25078144599093644,1.5714914003077605
shared,0.5,0,visible,16,0.75,0.9583333333333334,63.5,16.31500000000005,-0.0049721469291161445,0.15311372318349867,1.5663194842890074
shared,0.5,0,visible,17,1.0,1.0,56.5,17.610000000000035,-0.004722429095578302,0.25724880406788214,1.5571862970301211
shared,0.5,0,visible,18,0.5,0.9166666666666667,76.0,14.690000000000053,-0.005599011635460376,0.23168724713742025,1.556732451496397
shared,0.5,0,visible,19,1.0,1.0,58.75,17.475000000000065,-0.008880752361749317,0.24106854189101598,1.5205249848651925
shared,0.5,0,visible,20,0.75,0.9583333333333334,56.5,16.734999999999992,-0.0019472492647387963,0.23405832106810293,1.5465329326862114
shared,0.5,0,visible,21,0.75,0.9583333333333334,73.5,15.715000000000055,-0.005159648522650745,0.16243986035966984,1.5513297417096772
shared,0.5,0,visible,22,1.0,1.0,36.75,18.794999999999973,-0.006515648378028738,0.26533416055615133,1.5403450220626316
shared,0.5,0,visible,23,1.0,1.0,44.0,18.35999999999999,-0.0054849791865494634,0.1768827202954084,1.5487289763761327
shared,0.5,0,visible,24,0.75,0.9583333333333334,54.0,16.88500000000003,-0.005598277702551745,0.23698603370847646,1.5335301129740657
shared,0.5,0,visible,25,0.75,0.9166666666666666,51.5,16.160000000000032,-0.01203387975601289,0.20627445551554602,1.5432452757411501
shared,0.5,0,visible,26,1.0,1.0,27.75,19.335000000000004,-0.011164387717453064,0.2777960430447,1.543841327610777
shared,0.5,0,visible,27,1.0,1.0,36.5,18.809999999999988,-0.006301279721711304,0.20130106828009575,1.5451732936221239
shared,0.5,0,visible,28,0.75,0.9583333333333334,42.25,17.590000000000025,-0.007494551803709432,0.33042044433667944,1.5250076290738654
shared,0.5,0,visible,29,1.0,1.0,41.75,18.49500000000003,-0.0057286475012503215,0.3047935164014778,1.507060411744277
shared,0.5,0,visible,30,1.0,1.0,23.5,19.589999999999975,-0.013320831780677129,0.5364104060586906,1.4865755453599558
shared,0.5,1,visible,1,0.5,0.8333333333333333,93.5,11.890000000000102,-0.0077406479315134235,0.16355844805726585,1.6015767833903056
shared,0.5,1,visible,2,0.25,0.8750000000000001,87.75,13.11000000000011,-0.005535288382311073,0.12756794572831856,1.5995755292146099
shared,0.5,1,visible,3,0.75,0.9166666666666666,85.5,14.120000000000093,-0.003781784342224839,0.20135847390690328,1.598604677604453
shared,0.5,1,visible,4,0.75,0.9583333333333334,62.75,16.360000000000024,-0.0043660350056220895,0.3270999319044132,1.596354315616738
shared,0.5,1,visible,5,0.75,0.9166666666666666,75.0,14.750000000000085,-0.0027500283276314344,0.17057662918773578,1.5948285185393383
shared,0.5,1,visible,6,0.5,0.9166666666666667,77.25,14.61500000000008,-0.0035324324360027325,0.2894726446282906,1.5913958769532837
shared,0.5,1,visible,7,0.5,0.9166666666666667,69.0,15.110000000000035,-0.0037593967670415825,0.2653871800618427,1.5872882218125115
shared,0.5,1,visible,8,0.75,0.9583333333333334,72.5,15.775000000000029,-0.004131963564852538,0.2341649139477798,1.58120609363043
shared,0.5,1,visible,9,0.75,0.9583333333333334,60.5,16.49500000000006,-0.005916145317708511,0.15554582197757577,1.5752334445846936
shared,0.5,1,visible,10,0.75,0.875,75.0,13.87500000000007,-0.0038783278187822312,0.18681430201764654,1.5639621425132797
shared,0.5,1,visible,11,0.5,0.875,96.0,12.615000000000116,-0.0043005445043778345,0.1420702572800876,1.5586175665081443
shared,0.5,1,visible,12,0.0,0.7916666666666667,100.0,10.625000000000094,-0.004343915038987873,0.18012223786547008,1.5594745332371238
shared,0.5,1,visible,13,0.75,0.9583333333333334,44.0,17.48500000000003,-0.005851146322747525,0.3266640226597955,1.5577905567947732
shared,0.5,1,visible,14,0.5,0.875,69.5,14.20500000000008,-0.007590222052575821,0.18874789044440002,1.5637650463107162
shared,0.5,1,visible,15,0.25,0.8333333333333334,85.0,12.400000000000077,-0.0032799094351120164,0.24352939780339575,1.5648551659623333
shared,0.5,1,visible,16,1.0,1.0,32.75,19.035000000000018,-0.005364344907323648,0.24219021139469185,1.5519251934786509
shared,0.5,1,visible,17,0.75,0.9583333333333334,72.75,15.760000000000062,-0.0034021987660597624,0.2083775216799165,1.5492728642155222
shared,0.5,1,visible,18,1.0,1.0,49.25,18.045000000000012,-0.005849106813804802,0.3341194103108829,1.5451682031212097
shared,0.5,1,visible,19,0.5,0.9166666666666667,64.5,15.380000000000008,-0.0028663057581066183,0.2441154902729005,1.54309515501214
shared,0.5,1,visible,20,1.0,1.0,44.5,18.329999999999977,-0.007059944377094344,0.25201817456446174,1.533470668079249
shared,0.5,1,visible,21,1.0,1.0,54.25,17.745000000000047,-0.005574075592773754,0.17774995718004052,1.5276986769135992
shared,0.5,1,visible,22,1.0,1.0,33.0,19.019999999999968,-0.011483886778488097,0.26501165170005697,1.5087382302684265
shared,0.5,1,visible,23,0.75,0.9583333333333334,61.0,16.465000000000032,-0.007542832993263778,0.2065674110246573,1.503481737746953
shared,0.5,1,visible,24,1.0,1.0,31.0,19.139999999999993,-0.011908516083140343,0.2537932609986194,1.4851236355612698
shared,0.5,1,visible,25,1.0,1.0,46.75,18.195000000000032,-0.007656597784322011,0.18736772695787487,1.499634306033142
shared,0.5,1,visible,26,0.5,0.9166666666666667,74.0,14.810000000000088,-0.007453390451681457,0.15474260250285934,1.497744529538318
shared,0.5,1,visible,27,1.0,1.0,34.25,18.94499999999998,-0.007170034352090683,0.36127617284700186,1.4684063448048954
shared,0.5,1,visible,28,1.0,1.0,24.75,19.51499999999996,-0.009452578321756253,0.31253177123192377,1.4540425421269791
shared,0.5,1,visible,29,1.0,1.0,25.75,19.454999999999952,-0.008883598869870267,0.32014237569880144,1.4523478191330055
shared,0.5,1,visible,30,1.0,1.0,27.25,19.36499999999997,-0.010705853678796479,0.33992651881801994,1.4401867667459163
shared,0.5,2,visible,1,0.75,0.875,90.25,12.960000000000107,-0.006494107527634728,0.15284083765778758,1.602225072838784
shared,0.5,2,visible,2,0.25,0.7500000000000001,99.0,9.81000000000012,-0.004823384075500292,0.1352422580394745,1.6012316857632356
shared,0.5,2,visible,3,0.5,0.7916666666666666,75.75,12.08000000000002,-0.0044514541508508965,0.1818400986710916,1.6005475038243098
shared,0.5,2,visible,4,0.25,0.8333333333333334,87.75,12.235000000000083,-0.0024991077789515686,0.16553658119761594,1.5986251563942826
shared,0.5,2,visible,5,0.5,0.875,61.5,14.685000000000027,-0.0037295890133142266,0.25583391256348376,1.5987653236966681
shared,0.5,2,visible,6,0.25,0.75,95.25,10.035000000000105,-0.00278699981150746,0.13781581376282467,1.5961297554449827
shared,0.5,2,visible,7,0.75,0.9583333333333334,68.0,16.045000000000023,-0.003388339801946192,0.23237341844010484,1.5928450292756762
shared,0.5,2,visible,8,0.5,0.8333333333333334,71.75,13.19500000000006,-0.003485859300817931,0.19674009558248354,1.59060784092779
shared,0.5,2,visible,9,0.25,0.8333333333333334,87.75,12.235000000000104,-0.003039539686362806,0.22696657217674995,1.5873817926720202
shared,0.5,2,visible,10,0.25,0.8333333333333334,82.5,12.550000000000068,-0.0016518074161473264,0.23208382277163067,1.5784763591868038
shared,0.5,2,visible,11,0.25,0.7083333333333334,82.25,9.94000000000004,-0.003483071700881777,0.19350906118851344,1.5772030939568746
shared,0.5,2,visible,12,0.75,0.9583333333333334,56.0,16.765000000000025,-0.004166709448453051,0.19083375659179755,1.578885703100558
shared,0.5,2,visible,13,0.75,0.9166666666666666,68.75,15.125000000000039,-0.005605250124578034,0.1695696129867558,1.5751333065483613
shared,0.5,2,visible,14,1.0,1.0,57.75,17.53500000000004,-0.004003747298104716,0.15929098000368644,1.5725264475732446
shared,0.5,2,visible,15,0.75,0.9583333333333334,60.75,16.48000000000001,-0.004906233407285465,0.2106645720588202,1.576325218452842
shared,0.5,2,visible,16,0.5,0.9166666666666667,99.25,13.295000000000122,-0.004839337097119735,0.14577207678121507,1.5702160988887823
shared,0.5,2,visible,17,1.0,1.0,54.25,17.74500000000004,-0.004877964501901688,0.20685479935545575,1.55576894057631
shared,0.5,2,visible,18,1.0,1.0,41.5,18.51000000000002,-0.006318547968981801,0.23617657039909304,1.538175077559492
shared,0.5,2,visible,19,1.0,1.0,36.75,18.795000000000016,-0.008322869364419543,0.29752380814412466,1.5109282049702653
shared,0.5,2,visible,20,0.5,0.9166666666666667,67.25,15.215,-0.005821367872782321,0.26863241402827204,1.5147948466618555
shared,0.5,2,visible,21,0.75,0.9583333333333334,43.75,17.500000000000036,-0.005349737209436263,0.24064006444957764,1.5162807011668649
shared,0.5,2,visible,22,0.75,0.9166666666666666,82.5,14.300000000000084,-0.006909325874335225,0.14853407332874022,1.5358340947972209
shared,0.5,2,visible,23,0.5,0.9166666666666667,63.75,15.425000000000056,-0.010071746434554633,0.22775945468318187,1.5323738974008445
shared,0.5,2,visible,24,1.0,1.0,35.75,18.85499999999997,-0.004984179058456711,0.37461869255671737,1.5034055157365862
shared,0.5,2,visible,25,1.0,1.0,67.75,16.935000000000024,-0.004376109037847376,0.17824151199941174,1.5054959923396842
shared,0.5,2,visible,26,0.75,0.9166666666666666,60.75,15.605000000000052,-0.0071447913827839,0.2317272853544914,1.497362260364265
shared,0.5,2,visible,27,1.0,1.0,25.25,19.48499999999997,-0.007628907911300472,0.39535761406770814,1.4783605213603301
shared,0.5,2,visible,28,1.0,1.0,22.5,19.649999999999928,-0.011779621151413159,0.2741758367084054,1.4578840881675583
shared,0.5,2,visible,29,1.0,1.0,16.0,20.039999999999953,-0.011155823699334247,0.3670504020433773,1.451340930583666
shared,0.5,2,visible,30,1.0,1.0,29.5,19.22999999999997,-0.010329957401053412,0.32279067380287907,1.474607389145928
shared,0.75,0,visible,1,0.5,0.875,72.75,20.57249999999989,-0.005551797989046928,0.48935699557280016,1.6013493981069706
shared,0.75,0,visible,2,1.0,1.0,69.75,24.314999999999642,-0.003260634033048253,0.36647355548946975,1.601403873598797
shared,0.75,0,visible,3,0.25,0.8333333333333334,86.0,18.589999999999737,-0.0027813616243468633,0.41673464010304173,1.5973122412012537
shared,0.75,0,visible,4,0.75,0.9583333333333334,77.25,22.677499999999657,-0.0016458973279981413,0.36729402526408683,1.5915559821046936
shared,0.75,0,visible,5,0.25,0.8333333333333334,82.0,18.829999999999643,-0.002687931594291111,0.48054995443369486,1.58837530917051
shared,0.75,0,visible,6,0.5,0.7916666666666666,65.5,18.63249999999997,-0.0029909985052632817,0.3716994118128152,1.5818061501930971
shared,0.75,0,visible,7,0.75,0.9583333333333334,64.0,23.472499999999698,-0.003157740625752322,0.6467226149664742,1.573873260520348
shared,0.75,0,visible,8,0.25,0.8750000000000001,91.5,19.447499999999422,-0.0029564983932036178,0.36064272826679167,1.5763054586302387
shared,0.75,0,visible,9,0.0,0.7083333333333334,100.0,14.187499999999616,-0.0003851523662727985,0.40413225982250517,1.5771145241958429
shared,0.75,0,visible,10,0.5,0.875,79.25,20.18249999999962,-0.0035760388335124957,0.3988736040202614,1.5827503167417616
shared,0.75,0,visible,11,0.25,0.75,91.75,15.869999999999841,-0.0019283819123054342,0.2522025225238242,1.5873500962307308
shared,0.75,0,visible,12,0.25,0.8333333333333334,85.0,18.649999999999743,-0.004027476397091975,0.35927955295440717,1.591180304645393
shared,0.75,0,visible,13,0.5,0.9166666666666667,72.25,21.78999999999961,-0.006032540616228852,0.40631831372878235,1.5881608503904812
shared,0.75,0,visible,14,0.75,0.9583333333333334,62.75,23.547499999999683,-0.0028796931801345588,0.43327364497090853,1.574382128714642
shared,0.75,0,visible,15,0.75,0.9583333333333334,68.5,23.202499999999844,-0.004840767867726764,0.36568766787446433,1.5625831400815062
shared,0.75,0,visible,16,0.75,0.9583333333333334,73.75,22.88749999999967,-0.0024697897256334657,0.27185746877942896,1.5538963610457779
shared,0.75,0,visible,17,0.25,0.8750000000000001,87.0,19.717499999999543,-0.0015937537695050563,0.3958630466398036,1.5508187248062804
shared,0.75,0,visible,18,0.0,0.625,100.0,11.812499999999684,-0.0038172280646658883,0.28350087991671574,1.5676375800895221
shared,0.75,0,visible,19,0.0,0.6666666666666666,100.0,13.000000000000048,-0.0052374970978760396,0.2539487899026882,1.5699906135485897
shared,0.75,0,visible,20,0.25,0.875,87.75,19.672499999999356,-0.0015481063546723425,0.3271760442363053,1.5849795011050007
shared,0.75,0,visible,21,0.5,0.9166666666666667,74.75,21.639999999999617,-0.004289668615083987,0.28309854953824926,1.5811396371140676
shared,0.75,0,visible,22,0.5,0.9166666666666667,69.75,21.93999999999988,-0.002190787383073319,0.365389757991888,1.5731756195918134
shared,0.75,0,visible,23,0.5,0.875,76.25,20.36249999999962,-0.0036461685606473068,0.24973889094647947,1.574193364548829
shared,0.75,0,visible,24,0.75,0.9583333333333334,74.75,22.827499999999624,-0.0027700871562781025,0.33284323375770286,1.561136967821031
shared,0.75,0,visible,25,0.75,0.9583333333333334,66.75,23.30749999999975,-0.0056028721623724,0.27476513667740543,1.5488700916426796
shared,0.75,0,visible,26,1.0,1.0,42.5,25.949999999999864,-0.012934156232991361,0.42565617069018197,1.51855428587873
shared,0.75,0,visible,27,0.75,0.9583333333333334,61.0,23.65249999999958,-0.0016632330128229823,0.37325707858218904,1.5414208009185475
shared,0.75,0,visible,28,0.75,0.9166666666666666,51.25,23.049999999999976,-0.004538444961885241,0.46716979517244156,1.5111837569375985
shared,0.75,0,visible,29,0.25,0.7083333333333333,86.25,15.012499999999717,-0.0015610726791667573,0.3504547799259144,1.5280134862901036
shared,0.75,0,visible,30,1.0,1.0,49.75,25.514999999999915,-0.01107875499086508,0.5116768424282464,1.5252564315088044
shared,0.75,1,visible,1,0.5,0.8333333333333333,93.5,18.139999999999805,-0.0064372738977751635,0.317316483186386,1.6019951619809047
shared,0.75,1,visible,2,0.0,0.7916666666666667,100.0,16.56249999999957,-0.0033916401351274553,0.25641640800635485,1.601046472585621
shared,0.75,1,visible,3,0.75,0.9166666666666666,77.75,21.45999999999985,-0.003764386123801353,0.3262991819832868,1.6012929641059732
shared,0.75,1,visible,4,0.75,0.9166666666666666,57.0,22.704999999999803,-0.003946230371378073,0.6223594367452475,1.6002004626287918
shared,0.75,1,visible,5,0.75,0.9166666666666666,62.75,22.35999999999982,-0.003947617702079798,0.374977699233817,1.601159687494903
shared,0.75,1,visible,6,0.25,0.8750000000000001,88.0,19.65749999999955,-0.002869128999698691,0.5074553426658688,1.597916035002347
shared,0.75,1,visible,7,0.5,0.9166666666666667,71.0,21.864999999999633,-0.0020657215090227354,0.459533019203609,1.5900392096241738
shared,0.75,1,visible,8,0.5,0.8333333333333333,72.5,19.399999999999874,-0.004948959433997083,0.44446414601246437,1.5836505117696436
shared,0.75,1,visible,9,0.5,0.7083333333333334,67.25,16.152500000000003,-0.0039927461941792015,0.3499082240675999,1.575510343315921
shared,0.75,1,visible,10,0.0,0.7083333333333333,100.0,14.187499999999833,-0.003258646875148689,0.3099567993859867,1.5733973423982108
shared,0.75,1,visible,11,0.5,0.9166666666666667,71.0,21.864999999999657,-0.005993362251671634,0.44151260730867636,1.5669128474549583
shared,0.75,1,visible,12,0.25,0.875,96.0,19.17749999999959,-0.002767544702551151,0.3188172477535681,1.5607570096647299
shared,0.75,1,visible,13,0.75,0.9583333333333334,71.25,23.037499999999607,-0.0036078207449760594,0.2955802309496416,1.5465774007995712
shared,0.75,1,visible,14,0.25,0.8333333333333334,87.0,18.529999999999774,-0.00205358481556822,0.2477639887592387,1.5355838286050438
shared,0.75,1,visible,15,0.25,0.8333333333333334,90.75,18.30499999999951,-0.0018189306156049761,0.3252020622796575,1.5348966752777078
shared,0.75,1,visible,16,0.25,0.75,82.5,16.424999999999827,-0.00243817858727014,0.19691667492319098,1.5340300702079768
shared,0.75,1,visible,17,0.5,0.9166666666666667,81.5,21.234999999999534,-0.004220354079304808,0.32303891461637485,1.5373800702269873
shared,0.75,1,visible,18,0.25,0.7916666666666666,92.75,16.99749999999975,-0.0028406236327926503,0.3510953195999495,1.541157393654964
shared,0.75,1,visible,19,0.25,0.8750000000000001,80.0,20.13749999999946,-0.003824552165441012,0.3875516754427251,1.5501061318582756
shared,0.75,1,visible,20,1.0,1.0,49.5,25.529999999999788,-0.0035414609485092184,0.4214195595169637,1.5294760321661116
shared,0.75,1,visible,21,0.75,0.9583333333333334,75.0,22.81249999999963,-0.00544700039812666,0.31320571687467086,1.5195354360577693
shared,0.75,1,visible,22,0.5,0.9166666666666667,78.0,21.444999999999474,-0.0018279031082058257,0.3847532658750932,1.4983766248298112
shared,0.75,1,visible,23,0.5,0.9166666666666667,79.25,21.369999999999546,-0.002139766188970749,0.35214210408581353,1.492448906524008
shared,0.75,1,visible,24,0.75,0.9583333333333334,65.75,23.367499999999612,-0.003362241972793796,0.2963680594161928,1.496437193093144
shared,0.75,1,visible,25,0.25,0.75,82.0,16.454999999999714,-0.008451363880723595,0.33309109646893204,1.5172918266187099
shared,0.75,1,visible,26,1.0,1.0,63.5,24.68999999999976,-0.0007400655540546258,0.2974657692075963,1.5095101502556907
shared,0.75,1,visible,27,0.5,0.9166666666666667,67.25,22.089999999999613,-0.003445237169372679,0.36749344016220065,1.5117852370270615
shared,0.75,1,visible,28,1.0,1.0,58.25,25.004999999999704,-0.003848774551638131,0.281883955904782,1.4941778896801206
shared,0.75,1,visible,29,1.0,1.0,37.25,26.264999999999812,-0.004804667623270782,0.4269017162835295,1.4966587103919855
shared,0.75,1,visible,30,1.0,1.0,46.75,25.69499999999978,-0.00521567641997127,0.4454933946629403,1.4939126483897343
shared,0.75,2,visible,1,0.75,0.875,90.25,19.522499999999784,-0.005237873961542079,0.27893046839214025,1.6020070623511662
shared,0.75,2,visible,2,0.25,0.6666666666666666,92.25,13.46499999999988,-0.004696230206861155,0.18649792919976257,1.601807216982691
shared,0.75,2,visible,3,0.25,0.6666666666666667,85.0,13.899999999999784,-0.003331757524637608,0.26670606467191527,1.6036918859749152
shared,0.75,2,visible,4,0.5,0.875,86.75,19.73249999999971,-0.002534829998915953,0.3303118965507942,1.6030289502227029
shared,0.75,2,visible,5,0.25,0.8750000000000001,91.75,19.432499999999276,-0.0018237606424686165,0.35665616156700064,1.6038991392818363
shared,0.75,2,visible,6,0.25,0.7083333333333333,96.0,14.427500000000016,-0.0027282927224881954,0.1863825981034023,1.601523341714934
shared,0.75,2,visible,7,0.5,0.9166666666666667,80.5,21.29499999999976,-0.002465061690048033,0.22034013408369088,1.5993930631445947
shared,0.75,2,visible,8,0.5,0.875,79.0,20.197499999999685,-0.0026786304552666867,0.2655303290736601,1.5946051405004775
shared,0.75,2,visible,9,0.25,0.8333333333333334,99.25,17.794999999999565,-0.0030011209186668127,0.2981293091957106,1.5885795243764902
shared,0.75,2,visible,10,0.0,0.7083333333333334,100.0,14.187499999999797,-0.0013600522074587514,0.27691091633115483,1.578983263451093
shared,0.75,2,visible,11,0.25,0.7083333333333334,85.25,15.072499999999758,-0.0024560391317089017,0.2732744606774509,1.576034559098844
shared,0.75,2,visible,12,0.5,0.9166666666666667,74.75,21.639999999999603,-0.003542379897718445,0.27410530291009705,1.5742185111929445
shared,0.75,2,visible,13,0.0,0.7083333333333333,100.0,14.187500000000018,-0.001940110165477916,0.1897748338400661,1.5719692556558205
shared,0.75,2,visible,14,0.5,0.9166666666666667,87.5,20.874999999999567,-0.00284126504204552,0.22588310563937516,1.57811388250465
shared,0.75,2,visible,15,0.5,0.875,88.5,19.627499999999767,-0.0028024661555007377,0.20417592993562814,1.5772135443892688
shared,0.75,2,visible,16,0.5,0.75,64.0,17.53499999999996,-0.008565824163258684,0.34167232916299817,1.5822672514372027
shared,0.75,2,visible,17,1.0,1.0,60.75,24.8549999999997,-0.0009885776966740813,0.38297474696952594,1.5799313022514427
shared,0.75,2,visible,18,0.75,0.9583333333333334,57.25,23.877499999999664,-0.003491690273050897,0.46487376792399504,1.5750862141941666
shared,0.75,2,visible,19,1.0,1.0,44.25,25.844999999999704,-0.008161512741803784,0.4045148536673611,1.5640614545281304
shared,0.75,2,visible,20,0.75,0.9583333333333334,61.0,23.652499999999627,-0.0018212866000793626,0.45563642446647173,1.5530000882955013
shared,0.75,2,visible,21,0.75,0.9583333333333334,52.25,24.177499999999757,-0.005693353826505346,0.43843957021868446,1.5418703171094474
shared,0.75,2,visible,22,0.0,0.6666666666666666,100.0,12.999999999999842,-0.0033218781405398566,0.22913639571212172,1.554323370562168
shared,0.75,2,visible,23,0.25,0.8333333333333334,89.0,18.40999999999953,-0.004539349823589732,0.3814257670381014,1.5644860317662321
shared,0.75,2,visible,24,0.5,0.8333333333333333,72.25,19.414999999999914,-0.006008399903603925,0.34164394161684275,1.5630154606985618
shared,0.75,2,visible,25,0.25,0.8750000000000001,88.75,19.612499999999333,-0.003195140199745796,0.2328473125259008,1.5732724623103285
shared,0.75,2,visible,26,0.75,0.9583333333333334,65.25,23.39749999999958,-0.0033530309458491693,0.32799407351426263,1.5596420594037883
shared,0.75,2,visible,27,0.75,0.9583333333333334,52.0,24.192499999999804,-0.007177526798909839,0.5486739925564387,1.5443461701071288
shared,0.75,2,visible,28,1.0,1.0,45.0,25.7999999999998,-0.004051933928623596,0.28738220552667176,1.5201568673707047
shared,0.75,2,visible,29,1.0,1.0,25.5,26.969999999999857,-0.010811090018889864,0.6278663694447141,1.4958175586315041
shared,0.75,2,visible,30,0.75,0.9583333333333334,51.0,24.252499999999834,-0.0010568501455524128,0.5221663989453807,1.4911473941224307
shared,1.0,0,visible,1,0.5,0.875,72.75,27.134999999999774,-0.005135132871920884,0.8470688544744344,1.6013706639047454
shared,1.0,0,visible,2,0.75,0.9583333333333334,81.5,29.60999999999938,-0.002169587424327368,0.4787673357726308,1.6009255424513074
shared,1.0,0,visible,3,0.75,0.9583333333333334,70.75,30.254999999999747,-0.0018423687984004632,0.7950644352028016,1.5981204978678636
shared,1.0,0,visible,4,0.5,0.9166666666666667,76.0,28.439999999999728,-0.0039315888345423,0.6145117290824678,1.5968511568118888
shared,1.0,0,visible,5,0.5,0.9166666666666667,68.5,28.889999999999514,-0.005275334656850453,0.8423288080207233,1.5960340714870385
shared,1.0,0,visible,6,0.0,0.7083333333333334,100.0,19.49999999999942,-0.002956512177639811,0.5107435733938045,1.585137584219016
shared,1.0,0,visible,7,0.5,0.9166666666666667,71.75,28.694999999999553,-0.008812728460712325,0.8698483400449903,1.555646553387429
shared,1.0,0,visible,8,0.25,0.7916666666666667,82.75,23.534999999999663,-0.0038339657386671157,0.5568960823768053,1.5296762138315056
shared,1.0,0,visible,9,1.0,1.0,53.0,32.819999999999624,-0.0037863705492198097,0.7867585596245744,1.499912502765188
shared,1.0,0,visible,10,0.0,0.7916666666666666,100.0,22.499999999999464,-0.0003396938544069572,0.5526568032248953,1.4836728515758144
shared,1.0,0,visible,11,0.0,0.7083333333333334,100.0,19.49999999999947,-0.0016473611352827314,0.48536457599121624,1.4759029740228398
shared,1.0,0,visible,12,0.25,0.7083333333333334,96.25,19.724999999999756,-0.0020038198898530046,0.4378428373088586,1.478606375136094
shared,1.0,0,visible,13,0.5,0.8333333333333334,84.0,24.959999999999674,-0.003802820172311536,0.38972301221730377,1.4810079955710798
shared,1.0,0,visible,14,0.5,0.875,67.75,27.43499999999952,-0.002756517428507708,0.7738646713040978,1.4737521183572988
shared,1.0,0,visible,15,0.25,0.7916666666666667,91.0,23.039999999999658,-0.005242103148744889,0.5363727398492216,1.4842589280973741
shared,1.0,0,visible,16,0.25,0.7916666666666666,82.0,23.579999999999615,-0.00048096900890142613,0.49302160572571646,1.4481097070318243
shared,1.0,0,visible,17,0.0,0.625,100.0,16.499999999999844,-0.0011673276748943983,0.29699664019231564,1.4967798142417363
shared,1.0,0,visible,18,0.25,0.75,87.0,21.77999999999966,-0.003620391131696206,0.4364446427864016,1.5262255144309693
shared,1.0,0,visible,19,0.5,0.625,93.5,16.889999999999887,-0.002516045031123716,0.4761283757879516,1.5157725796452914
shared,1.0,0,visible,20,0.0,0.75,100.0,20.999999999999478,-0.0025668622375151053,0.3978279165348232,1.535743793946948
shared,1.0,0,visible,21,0.5,0.875,82.75,26.534999999999577,-0.0024663405120210905,0.510763852660042,1.5241636019330211
shared,1.0,0,visible,22,0.75,0.9583333333333334,75.0,29.999999999999467,-0.001452467873358706,0.45974842922497833,1.5037008308371647
shared,1.0,0,visible,23,0.25,0.8750000000000001,95.25,25.784999999999247,-0.0009493470583001512,0.40723055960472343,1.5113662314958949
shared,1.0,0,visible,24,0.25,0.8750000000000001,89.25,26.144999999999477,-0.0029090149239706224,0.39447110988777256,1.5020568926223226
shared,1.0,0,visible,25,0.25,0.8333333333333334,93.25,24.40499999999944,-0.003670745032122567,0.4399097229198495,1.5300080432301422
shared,1.0,0,visible,26,0.75,0.9583333333333334,55.0,31.199999999999598,-0.009271445215467194,0.722358849191428,1.5386799396224184
shared,1.0,0,visible,27,0.5,0.9166666666666667,87.0,27.779999999999312,-0.002608501155719678,0.44588453821947266,1.569280621792511
shared,1.0,0,visible,28,0.5,0.8333333333333334,71.5,25.709999999999713,-0.00401044278026329,0.7144166273825722,1.5689843094397744
shared,1.0,0,visible,29,0.5,0.875,77.75,26.834999999999482,-0.00143814639049141,0.4391582314577253,1.5755064374656924
shared,1.0,0,visible,30,1.0,1.0,70.5,31.76999999999949,-0.001724213296785235,0.6230631448064293,1.5733276366839064
shared,1.0,1,visible,1,0.5,0.8333333333333333,93.5,24.389999999999585,-0.005689319273998411,0.552727080936854,1.6023493424648214
shared,1.0,1,visible,2,0.25,0.7499999999999999,82.75,22.03499999999939,-0.00390909070610956,0.5221409059116554,1.6015105454085565
shared,1.0,1,visible,3,0.75,0.9583333333333334,66.25,30.52499999999963,-0.0024773980309491165,0.8712773438206661,1.6008674667325573
shared,1.0,1,visible,4,0.75,0.9166666666666666,60.25,29.384999999999525,-0.0035045817620517564,1.0845060681062602,1.6011796219427252
shared,1.0,1,visible,5,0.5,0.875,80.25,26.68499999999961,-0.003825631246092187,0.4214904544467771,1.603724626827329
shared,1.0,1,visible,6,0.5,0.8333333333333333,81.25,25.124999999999673,-0.0026143405318263674,0.6096144493472127,1.6016903642373175
shared,1.0,1,visible,7,0.5,0.875,89.75,26.11499999999926,-0.0008564827161769554,0.6506909074834717,1.5990764202695704
shared,1.0,1,visible,8,0.25,0.8333333333333334,91.25,24.52499999999942,-0.002020427266111483,0.5987586928272364,1.5951842902008853
shared,1.0,1,visible,9,0.25,0.7500000000000001,96.0,21.239999999999476,-0.004833022698779721,0.4984259814127461,1.588638334216222
shared,1.0,1,visible,10,0.25,0.8333333333333334,93.5,24.38999999999956,-0.0031009571496915115,0.560038403398257,1.5791574788780143
shared,1.0,1,visible,11,0.5,0.875,76.25,26.92499999999951,-0.005084646414327245,0.5658862987853306,1.5619560967279476
shared,1.0,1,visible,12,0.25,0.8333333333333334,99.5,24.029999999999408,-0.0006285147986759883,0.4770033961537768,1.5505278464838061
shared,1.0,1,visible,13,0.0,0.8333333333333334,100.0,23.99999999999936,-0.003614297290041352,0.34341830818478286,1.5423311162888445
shared,1.0,1,visible,14,0.5,0.9166666666666667,91.25,27.524999999999377,-0.002091446615093492,0.45475363204694297,1.5432891718506652
shared,1.0,1,visible,15,1.0,1.0,52.0,32.87999999999974,-0.0018955813653252908,0.8344273661451991,1.5154541722526806
shared,1.0,1,visible,16,0.5,0.8333333333333334,77.25,25.36499999999957,-0.002345764460560041,0.4963786610814946,1.5256571898911506
shared,1.0,1,visible,17,0.75,0.9166666666666666,73.75,28.574999999999697,-0.0019004877282154371,0.4494648761157606,1.5210492266982192
shared,1.0,1,visible,18,0.25,0.7916666666666666,80.75,23.654999999999497,-0.0038902298705828266,0.7439220408623511,1.5324040430986834
shared,1.0,1,visible,19,0.25,0.8333333333333334,97.75,24.134999999999312,-0.0016401554878188998,0.4685980824753841,1.5383987010383988
shared,1.0,1,visible,20,0.75,0.875,84.5,26.42999999999951,-0.0017503224333264814,0.5313173257619117,1.5372443671668177
shared,1.0,1,visible,21,0.75,0.9583333333333334,86.0,29.33999999999942,-0.0035095104871879492,0.6655827736457364,1.521631343711958
shared,1.0,1,visible,22,0.25,0.875,92.5,25.949999999999257,-0.002397086341022253,0.4632786980080227,1.5239314180915284
shared,1.0,1,visible,23,0.75,0.9583333333333334,61.5,30.809999999999608,-0.0016904059844852694,0.7149856776232072,1.510600769104516
shared,1.0,1,visible,24,0.75,0.9166666666666666,62.5,29.249999999999623,-0.006369631033240192,0.5785956308252296,1.514827717632638
shared,1.0,1,visible,25,0.5,0.875,74.75,27.014999999999556,-0.006902991650203975,0.5395710320181024,1.5198142276959783
shared,1.0,1,visible,26,0.75,0.9583333333333334,87.0,29.279999999999493,0.0009282905089747093,0.459516741332948,1.5032896394958422
shared,1.0,1,visible,27,0.75,0.9583333333333334,63.75,30.674999999999756,-0.00838713686751286,0.6167317205051592,1.4737347653946498
shared,1.0,1,visible,28,1.0,1.0,39.25,33.6449999999998,-0.0019860565549457898,0.6691530421908874,1.4797891993786434
shared,1.0,1,visible,29,0.75,0.9583333333333334,69.0,30.35999999999951,-0.0019971321378988746,0.5152265373083887,1.514492143515555
shared,1.0,1,visible,30,0.5,0.9166666666666667,81.75,28.0949999999993,-0.0023363405656177676,0.6766250621335304,1.5155606783263647
shared,1.0,2,visible,1,0.75,0.875,90.25,26.08499999999956,-0.004674128162195482,0.4722905982648676,1.6015412760334256
shared,1.0,2,visible,2,0.25,0.7916666666666666,97.0,22.67999999999935,-0.0027607515134589014,0.40439262385697433,1.6013778657166744
shared,1.0,2,visible,3,0.75,0.875,63.25,27.704999999999835,-0.003207029675821099,0.8951333218541394,1.6027284958521746
shared,1.0,2,visible,4,0.25,0.7916666666666666,81.5,23.609999999999552,-0.0013619271780416374,0.7067484760331546,1.6009142942469132
shared,1.0,2,visible,5,0.0,0.7916666666666667,100.0,22.499999999999176,-0.0018595877315525891,0.6111264153070293,1.6017944086671847
shared,1.0,2,visible,6,0.5,0.7916666666666667,92.0,22.97999999999963,-0.0017374352114624496,0.3836272483407822,1.599539133491222
shared,1.0,2,visible,7,0.5,0.9166666666666667,80.0,28.199999999999505,-0.0022779004348802015,0.47348172347924555,1.6004538259312728
shared,1.0,2,visible,8,0.75,0.9583333333333334,64.75,30.614999999999622,-0.001108254940162619,0.6882642473944969,1.597536480260627
shared,1.0,2,visible,9,0.25,0.8333333333333334,92.0,24.47999999999945,-0.0020187971432944116,0.6157664481535641,1.5938943555350982
shared,1.0,2,visible,10,0.25,0.8333333333333334,82.25,25.064999999999422,-0.0024172611811040415,0.8387084078575842,1.5875681054061785
shared,1.0,2,visible,11,0.5,0.7916666666666667,74.25,24.04499999999971,-0.001518917433274918,0.5624879061149729,1.5786084578436979
shared,1.0,2,visible,12,0.5,0.8333333333333333,70.25,25.78499999999968,-0.0038599609852545983,0.555520826958159,1.5741865182097774
shared,1.0,2,visible,13,0.0,0.7916666666666667,100.0,22.49999999999931,-0.0007825228435429447,0.5580003172049419,1.5791349557733005
shared,1.0,2,visible,14,0.25,0.7916666666666667,98.5,22.589999999999414,-0.0018393728151929348,0.4336134380295962,1.585663561756467
shared,1.0,2,visible,15,0.0,0.7916666666666667,100.0,22.49999999999919,-0.0016577836688542646,0.3705921217782191,1.593490421614252
shared,1.0,2,visible,16,0.0,0.75,100.0,20.999999999999602,-0.003733988592907244,0.30374332197919635,1.595443156085787
shared,1.0,2,visible,17,0.75,0.9583333333333334,65.5,30.56999999999955,-0.0013693432506071063,0.6486976650000572,1.5999715105514354
shared,1.0,2,visible,18,0.75,0.9583333333333334,54.25,31.244999999999735,-0.002420250810364509,0.5646776431641213,1.5991046879279573
shared,1.0,2,visible,19,1.0,1.0,61.75,32.29499999999959,-0.0026914916386718574,0.6203938734367933,1.597504955632543
shared,1.0,2,visible,20,0.25,0.8750000000000001,92.25,25.964999999999428,-0.0013729591863522207,0.6142893470839232,1.5926423329703414
shared,1.0,2,visible,21,0.75,0.9166666666666666,68.5,28.889999999999485,-0.0016921586781548292,0.6410269661797477,1.5910137877179393
shared,1.0,2,visible,22,0.0,0.75,100.0,20.999999999999524,-0.0013937582589991949,0.4349518548450712,1.591001970136187
shared,1.0,2,visible,23,0.5,0.875,82.0,26.579999999999576,-0.008391461468805872,0.5356633415902678,1.5916822271297086
shared,1.0,2,visible,24,0.75,0.9583333333333334,69.75,30.314999999999625,0.00012652136612354459,0.7138411897822857,1.5879973890914456
shared,1.0,2,visible,25,0.0,0.7083333333333333,100.0,19.499999999999208,-0.0013345172520464093,0.5143293828672898,1.5820648863632716
shared,1.0,2,visible,26,0.5,0.875,69.25,27.34499999999959,-0.002676238220395866,0.5403454973898019,1.573808141614932
shared,1.0,2,visible,27,0.25,0.6666666666666666,93.5,18.389999999999795,-0.005711691547614191,0.43517026891156874,1.571478890001049
shared,1.0,2,visible,28,0.5,0.875,89.75,26.11499999999937,-0.001425519316996919,0.4710349992428396,1.5671437323940551
shared,1.0,2,visible,29,1.0,1.0,49.5,33.02999999999969,-0.002224257826800156,0.6822160305830239,1.5442745766785946
shared,1.0,2,visible,30,0.5,0.9166666666666667,80.75,28.15499999999957,-0.0013157151903514912,0.43790298139447575,1.5557355847500771
independent,0.0,0,visible,1,0.5,0.8333333333333334,84.5,-0.06999999999998324,-0.02638733998310094,0.07292942532613407,1.602629525404084
independent,0.0,0,visible,2,0.75,0.9583333333333334,73.25,1.3550000000000337,-0.015218811911527887,0.0788198829110991,1.598186782663564
independent,0.0,0,visible,3,0.5,0.9166666666666667,81.0,0.6400000000000208,-0.010860838461536943,0.11608936620098853,1.5939101833720264
independent,0.0,0,visible,4,0.5,0.8333333333333334,88.25,-0.29499999999997994,-0.009590954300127104,0.07714614434459062,1.5872512705454798
independent,0.0,0,visible,5,0.75,0.9583333333333334,80.0,0.950000000000012,-0.00970932859885655,0.09514870252358494,1.582718080865772
independent,0.0,0,visible,6,0.25,0.7916666666666666,89.5,-0.6199999999999877,-0.00817971441452194,0.058311611579255546,1.5758910218605908
independent,0.0,0,visible,7,0.5,0.8333333333333333,80.25,0.1850000000000065,-0.009829159823370221,0.06833162798252508,1.573178726258677
independent,0.0,0,visible,8,1.0,1.0,73.0,1.6200000000000245,-0.009612392757779442,0.06750436145628344,1.5649431359766606
independent,0.0,0,visible,9,0.75,0.9583333333333334,76.75,1.1450000000000147,-0.008842416207720744,0.08040159264316253,1.5561756538082416
independent,0.0,0,visible,10,0.25,0.8333333333333334,94.0,-0.6399999999999795,-0.007205464210669184,0.06053716527732075,1.5566123431655499
independent,0.0,0,visible,11,0.25,0.875,95.25,-0.46499999999999087,-0.007813750107099088,0.04739681609675653,1.5558727606018314
independent,0.0,0,visible,12,0.75,0.9583333333333334,58.0,2.270000000000014,-0.014884722037045254,0.11492793880244632,1.547023915492104
independent,0.0,0,visible,13,0.5,0.9166666666666667,77.5,0.8500000000000297,-0.010515466944056168,0.06518201459063955,1.5468865214302874
independent,0.0,0,visible,14,1.0,1.0,41.0,3.54000000000003,-0.01796011823414215,0.11852287866317651,1.541229131218344
independent,0.0,0,visible,15,0.75,0.9583333333333334,64.25,1.8950000000000229,-0.009470013626952984,0.0945325412921999,1.541347280364967
independent,0.0,0,visible,16,0.75,0.9583333333333334,62.5,2.000000000000054,-0.011752593314749822,0.06399872557697936,1.5421686583046812
independent,0.0,0,visible,17,0.75,0.9166666666666666,81.5,0.6100000000000072,-0.010186307032493952,0.07728306853858848,1.5410029321611496
independent,0.0,0,visible,18,0.75,0.9583333333333334,56.25,2.3750000000000226,-0.014156162147001298,0.10195908758178496,1.5311450048582547
independent,0.0,0,visible,19,1.0,1.0,58.0,2.520000000000027,-0.0149777670989356,0.08415331194063656,1.5166628111407645
independent,0.0,0,visible,20,1.0,1.0,31.0,4.140000000000019,-0.02083389300903266,0.18037455617013118,1.5130420374573619
independent,0.0,0,visible,21,1.0,1.0,35.5,3.870000000000028,-0.021551948798018857,0.10839552561781741,1.5042722554753727
independent,0.0,0,visible,22,1.0,1.0,50.0,3.0000000000000417,-0.01635604782934166,0.08550324059900198,1.5065207237543934
independent,0.0,0,visible,23,0.75,0.9583333333333334,52.0,2.6300000000000385,-0.01469009314981345,0.09502208061563454,1.5047060057649249
independent,0.0,0,visible,24,1.0,1.0,36.5,3.8100000000000325,-0.022073199782948746,0.11767835975616285,1.4820379798172632
independent,0.0,0,visible,25,1.0,1.0,54.5,2.730000000000021,-0.017449558761595773,0.138996128459444,1.4910667773114865
independent,0.0,0,visible,26,1.0,1.0,32.75,4.0350000000000295,-0.025667399453270737,0.1325314989083011,1.4724908864052815
independent,0.0,0,visible,27,0.75,0.9583333333333334,41.25,3.2750000000000274,-0.023731063231674784,0.0901356244538194,1.4765427827797677
independent,0.0,0,visible,28,1.0,1.0,32.5,4.050000000000028,-0.0339962442186168,0.09020707564905167,1.454502995544552
independent,0.0,0,visible,29,1.0,1.0,26.0,4.440000000000023,-0.03162906075722929,0.17652038866322964,1.4461652882797962
independent,0.0,0,visible,30,1.0,1.0,51.75,2.8950000000000267,-0.018319080432704554,0.10611368450172899,1.462784123453974
independent,0.0,1,visible,1,0.0,0.7916666666666666,100.0,-1.2499999999999911,-0.024643018374597203,0.059159598669885495,1.6018404219420408
independent,0.0,1,visible,2,0.5,0.875,73.75,0.8250000000000076,-0.01425068251716416,0.07456776396397216,1.596537021582285
independent,0.0,1,visible,3,0.25,0.875,88.5,-0.05999999999997918,-0.009928453103490413,0.06811024293744955,1.5928134263422136
independent,0.0,1,visible,4,0.75,0.9583333333333334,59.75,2.1650000000000142,-0.013900546091307362,0.12621853870789201,1.5860414297839096
independent,0.0,1,visible,5,0.75,0.875,71.25,0.9750000000000202,-0.010823536056790421,0.06525434999936952,1.5852541814223928
independent,0.0,1,visible,6,0.25,0.7916666666666666,83.25,-0.24499999999998812,-0.009284711882444938,0.08921862437238459,1.5811668449359126
independent,0.0,1,visible,7,0.5,0.9166666666666667,86.0,0.3400000000000147,-0.010545512259940997,0.05913831211207101,1.577682064964521
independent,0.0,1,visible,8,0.5,0.8333333333333333,90.0,-0.39999999999999375,-0.009675780576042079,0.066277262369783,1.5735253591970428
independent,0.0,1,visible,9,0.75,0.9583333333333334,62.25,2.015000000000013,-0.01175192489834444,0.08951769819228435,1.5656021269517033
independent,0.0,1,visible,10,1.0,1.0,65.75,2.055000000000025,-0.009455978858984608,0.11716297097555527,1.559485568332633
independent,0.0,1,visible,11,0.5,0.875,68.5,1.1400000000000052,-0.011465597842686014,0.07485874154519118,1.5569250520510998
independent,0.0,1,visible,12,1.0,1.0,46.75,3.19500000000003,-0.014594653619305786,0.1288307640973457,1.5488629391137012
independent,0.0,1,visible,13,1.0,1.0,49.25,3.0450000000000292,-0.018279829164705528,0.12333926239711474,1.5390347655879195
independent,0.0,1,visible,14,0.5,0.9166666666666667,73.5,1.0900000000000127,-0.007822969207936814,0.06827529639549763,1.527160978904558
independent,0.0,1,visible,15,0.75,0.9583333333333334,69.0,1.610000000000027,-0.008894401934443253,0.09378519721615475,1.5154960665571722
independent,0.0,1,visible,16,0.5,0.9166666666666667,70.75,1.2550000000000194,-0.010362845054279332,0.07252432614636568,1.5051603609525432
independent,0.0,1,visible,17,1.0,1.0,60.25,2.3850000000000273,-0.013918460846744049,0.08623358574638777,1.5040964900472658
independent,0.0,1,visible,18,0.5,0.9166666666666667,69.5,1.3300000000000411,-0.011209154505370822,0.08826517412437829,1.5117035517017223
independent,0.0,1,visible,19,1.0,1.0,54.75,2.7150000000000287,-0.015439299136219246,0.11110396081317804,1.5118741376654594
independent,0.0,1,visible,20,1.0,1.0,51.25,2.9250000000000362,-0.017984605136871657,0.10922149255665559,1.5144031850445885
independent,0.0,1,visible,21,0.75,0.9583333333333334,54.25,2.495000000000025,-0.015115634861689183,0.0971338391063216,1.5097930525304484
independent,0.0,1,visible,22,0.75,0.9583333333333334,51.75,2.6450000000000378,-0.017228444899211066,0.07727476861011288,1.5100207062872713
independent,0.0,1,visible,23,0.75,0.9583333333333334,57.75,2.285000000000018,-0.013044913710934504,0.08224515345532919,1.5019069638701568
independent,0.0,1,visible,24,1.0,1.0,42.0,3.4800000000000284,-0.022240174669096033,0.10355288943890184,1.5061580985505147
independent,0.0,1,visible,25,0.75,0.9583333333333334,77.5,1.1000000000000298,-0.012871340628299777,0.06409995925227917,1.5103383704579905
independent,0.0,1,visible,26,1.0,1.0,47.75,3.135000000000038,-0.015420159010280954,0.0875108647157663,1.5069842866466192
independent,0.0,1,visible,27,1.0,1.0,52.75,2.835000000000033,-0.01613821279202057,0.09076925527821555,1.498021991583297
independent,0.0,1,visible,28,1.0,1.0,67.0,1.9800000000000433,-0.010559692975753468,0.0708873342338576,1.501945506232156
independent,0.0,1,visible,29,0.75,0.9583333333333334,54.75,2.465000000000032,-0.01498261825064598,0.08581354566546358,1.5018783320631137
independent,0.0,1,visible,30,0.75,0.9583333333333334,47.25,2.9150000000000356,-0.021264367803267317,0.08092595190502977,1.4914436953424095
independent,0.0,2,visible,1,0.25,0.8750000000000001,82.5,0.3000000000000139,-0.02605497864059382,0.06938923088231876,1.6030298150257805
independent,0.0,2,visible,2,0.25,0.8333333333333334,86.5,-0.18999999999995676,-0.014344058572005899,0.06514172580420458,1.5984181154608692
independent,0.0,2,visible,3,0.25,0.8750000000000001,78.5,0.54,-0.012610899402649858,0.08733928302732026,1.5932426717652384
independent,0.0,2,visible,4,1.0,1.0,59.25,2.445000000000027,-0.011883359338645663,0.18896416881290404,1.5901021522012304
independent,0.0,2,visible,5,0.75,0.9583333333333334,59.0,2.2100000000000217,-0.01293760144160448,0.09956069349776964,1.5858115427892914
independent,0.0,2,visible,6,0.5,0.8333333333333333,83.75,-0.024999999999988698,-0.008469796833068187,0.06817094095599273,1.5800420381465885
independent,0.0,2,visible,7,0.5,0.9166666666666667,77.0,0.8800000000000231,-0.009038100658174167,0.07432934695911336,1.574614327604895
independent,0.0,2,visible,8,0.5,0.875,79.25,0.4950000000000181,-0.008318910568438134,0.06846020645843127,1.5740168519522506
independent,0.0,2,visible,9,0.25,0.8333333333333334,95.0,-0.6999999999999827,-0.007344982346163781,0.06754764327770764,1.5659329641103161
independent,0.0,2,visible,10,1.0,1.0,64.0,2.160000000000017,-0.010526821401135039,0.10737607471031292,1.5594457841612535
independent,0.0,2,visible,11,0.75,0.9166666666666666,76.75,0.8950000000000183,-0.010137265262528583,0.07928880924332442,1.5578139443376635
independent,0.0,2,visible,12,0.75,0.9583333333333334,58.0,2.2700000000000142,-0.013245789808260086,0.08852884790005483,1.5583126616474887
independent,0.0,2,visible,13,0.5,0.9166666666666667,59.5,1.9300000000000075,-0.011781365051359719,0.07701415080554402,1.555566127497686
independent,0.0,2,visible,14,1.0,1.0,60.5,2.370000000000023,-0.013739786574742618,0.08661485996544549,1.5502693167584622
independent,0.0,2,visible,15,1.0,1.0,53.0,2.820000000000035,-0.013966459807360028,0.10567392623782758,1.5484789680689997
independent,0.0,2,visible,16,0.75,0.9583333333333334,61.0,2.0900000000000354,-0.011328562022500365,0.08724595686537055,1.543634891274273
independent,0.0,2,visible,17,0.75,0.9583333333333334,68.25,1.655000000000043,-0.011106185893934637,0.06976484411515271,1.5358648114973767
independent,0.0,2,visible,18,1.0,1.0,48.75,3.0750000000000415,-0.014593214691515847,0.08102362077687507,1.5278975879941257
independent,0.0,2,visible,19,0.75,0.9583333333333334,40.75,3.305000000000023,-0.01768978587723345,0.08440189919084325,1.5214445512708121
independent,0.0,2,visible,20,0.75,0.9583333333333334,51.5,2.660000000000025,-0.016767387651597555,0.08725699847877817,1.5082848401827234
independent,0.0,2,visible,21,0.75,0.9583333333333334,41.5,3.260000000000022,-0.023585608157468282,0.07870383668639132,1.4997834056814723
independent,0.0,2,visible,22,0.5,0.9166666666666667,81.25,0.6250000000000469,-0.008946074528223196,0.051763700147300806,1.49835694208192
independent,0.0,2,visible,23,1.0,1.0,53.75,2.7750000000000283,-0.01373167492228254,0.08633166030374952,1.4958708852053035
independent,0.0,2,visible,24,1.0,1.0,46.5,3.2100000000000266,-0.015498308147495442,0.11491238818435434,1.4950680565187058
independent,0.0,2,visible,25,1.0,1.0,39.0,3.6600000000000317,-0.023620942419063182,0.10452755806296964,1.482850762005361
independent,0.0,2,visible,26,1.0,1.0,39.25,3.6450000000000213,-0.025844849785191654,0.10953462437707956,1.475507123878472
independent,0.0,2,visible,27,1.0,1.0,20.25,4.785000000000013,-0.037907699994998156,0.18938972660613437,1.4535112132297876
independent,0.0,2,visible,28,1.0,1.0,20.75,4.75500000000002,-0.04337684687536424,0.11962979884405127,1.430236953928751
independent,0.0,2,visible,29,1.0,1.0,21.0,4.74000000000002,-0.040432360948156956,0.13040026865832424,1.4620355200834811
independent,0.0,2,visible,30,1.0,1.0,41.0,3.540000000000032,-0.022324598395505695,0.12801985073935307,1.4551847937650646
independent,0.25,0,visible,1,0.5,0.8333333333333334,84.5,6.18000000000008,-0.026281804334194695,0.10200972797977133,1.6024198648704229
independent,0.25,0,visible,2,0.75,0.9583333333333334,66.0,8.977500000000077,-0.013030851935783494,0.15475236433439374,1.5989314669468737
independent,0.25,0,visible,3,0.5,0.9166666666666667,91.0,6.915000000000084,-0.008241658477039506,0.1161327256052197,1.5952425307019495
independent,0.25,0,visible,4,0.75,0.875,55.75,8.46750000000004,-0.012665563827940117,0.16253462446317327,1.5914632641532676
independent,0.25,0,visible,5,0.75,0.875,76.0,7.252500000000075,-0.009872059700472719,0.13953394599610383,1.586718975505148
independent,0.25,0,visible,6,0.25,0.7916666666666666,87.5,5.437500000000084,-0.008674669817349096,0.11463411593983204,1.5849043545137624
independent,0.25,0,visible,7,1.0,1.0,49.75,10.515000000000047,-0.012944982403298168,0.1708140484730869,1.5781100088334534
independent,0.25,0,visible,8,0.5,0.9166666666666667,80.5,7.545000000000096,-0.008585521588424476,0.0912924116195271,1.5765256900846218
independent,0.25,0,visible,9,0.75,0.9583333333333334,47.25,10.102500000000052,-0.009583423409959126,0.16193338648420247,1.5707933987265246
independent,0.25,0,visible,10,0.75,0.9583333333333334,71.25,8.662500000000076,-0.009232523312967604,0.11643186348740224,1.5706270208915563
independent,0.25,0,visible,11,0.5,0.875,89.0,6.472500000000094,-0.008081879389709303,0.08248131870757623,1.5661994158724497
independent,0.25,0,visible,12,0.75,0.9583333333333334,75.75,8.392500000000073,-0.007956443314293205,0.10582145339452231,1.5652041413475362
independent,0.25,0,visible,13,0.5,0.875,78.25,7.117500000000094,-0.008406001418980331,0.08221354650151494,1.5650987350156358
independent,0.25,0,visible,14,0.75,0.9583333333333334,49.75,9.952500000000061,-0.013477520851489531,0.16604915929128836,1.5518417299204923
independent,0.25,0,visible,15,0.5,0.9166666666666667,78.0,7.695000000000077,-0.008512063162634339,0.0895154069840342,1.549801615356315
independent,0.25,0,visible,16,0.75,0.9166666666666666,62.25,8.640000000000075,-0.009448560814419213,0.11682713244395677,1.549694248191628
independent,0.25,0,visible,17,0.25,0.875,90.5,6.382500000000087,-0.0067443108249311155,0.07223659240357912,1.5414399858650685
independent,0.25,0,visible,18,0.5,0.9166666666666667,80.0,7.575000000000092,-0.00741344627880997,0.08820048088007243,1.5394905405534283
independent,0.25,0,visible,19,1.0,1.0,68.25,9.405000000000078,-0.011953365479951348,0.10602909327182386,1.527439069617875
independent,0.25,0,visible,20,0.75,0.9583333333333334,68.0,8.857500000000078,-0.011362126178598123,0.08811692829612068,1.5365316844343315
independent,0.25,0,visible,21,0.75,0.9583333333333334,67.5,8.887500000000083,-0.012096152016330262,0.07850819813507239,1.5220287247365822
independent,0.25,0,visible,22,0.75,0.9583333333333334,66.0,8.977500000000074,-0.011263833548940458,0.08757887182251062,1.521482520096199
independent,0.25,0,visible,23,1.0,1.0,46.75,10.695000000000054,-0.016654935775212855,0.08875405591585529,1.508280497165497
independent,0.25,0,visible,24,1.0,1.0,46.75,10.69500000000005,-0.013221253391357964,0.1349439396033644,1.506184021025776
independent,0.25,0,visible,25,0.75,0.9583333333333334,68.75,8.812500000000075,-0.010208626326157972,0.13329152373599681,1.4989808278846775
independent,0.25,0,visible,26,0.5,0.875,70.5,7.582500000000081,-0.011398240694376798,0.08110199659534045,1.4962698310362548
independent,0.25,0,visible,27,0.75,0.9583333333333334,43.5,10.327500000000052,-0.012612750908363534,0.12330474068079193,1.5063425170216551
independent,0.25,0,visible,28,1.0,1.0,31.75,11.59500000000003,-0.027161323455205014,0.17671225981469119,1.4831194633014813
independent,0.25,0,visible,29,1.0,1.0,50.5,10.470000000000054,-0.01228853816344679,0.09194206512852844,1.4817844643397537
independent,0.25,0,visible,30,1.0,1.0,28.75,11.77500000000003,-0.018764524773840992,0.15435314766571145,1.460463392950378
independent,0.25,1,visible,1,0.0,0.7916666666666666,100.0,4.687500000000098,-0.024531067659799483,0.08654504952507613,1.6025113630297236
independent,0.25,1,visible,2,0.0,0.7916666666666667,100.0,4.687500000000123,-0.01141987858103015,0.0700292802155416,1.598884201440247
independent,0.25,1,visible,3,0.75,0.9583333333333334,65.5,9.007500000000062,-0.011616551790228394,0.13384357214239298,1.5975299923380177
independent,0.25,1,visible,4,0.75,0.9583333333333334,80.0,8.137500000000093,-0.01121945727722181,0.11531620933923932,1.5940694680770593
independent,0.25,1,visible,5,1.0,1.0,78.25,8.805000000000092,-0.00871584060139055,0.07549628948568064,1.5930864789984518
independent,0.25,1,visible,6,0.25,0.8333333333333334,93.25,5.655000000000096,-0.00766278720020001,0.08644184206245188,1.5889307807165596
independent,0.25,1,visible,7,0.5,0.9166666666666667,93.5,6.765000000000111,-0.006641637907225907,0.08110689781946982,1.585603804827911
independent,0.25,1,visible,8,0.75,0.9583333333333334,65.5,9.007500000000075,-0.010235787446346166,0.13268543590615642,1.5838475900452058
independent,0.25,1,visible,9,0.75,0.8333333333333334,67.5,7.2000000000000615,-0.01201466361596368,0.1012636879903344,1.576437891497206
independent,0.25,1,visible,10,0.75,0.9583333333333334,68.5,8.827500000000079,-0.008017804004109846,0.11569546739166121,1.5696768046247271
independent,0.25,1,visible,11,0.5,0.8333333333333334,79.5,6.480000000000084,-0.009539265658044653,0.10091566410360053,1.565657552525119
independent,0.25,1,visible,12,0.75,0.9166666666666666,72.75,8.010000000000078,-0.008457732409707814,0.10653441874987783,1.5513330023863139
independent,0.25,1,visible,13,0.75,0.9583333333333334,71.25,8.662500000000085,-0.010268437393830659,0.1080877010091716,1.5520110478184357
independent,0.25,1,visible,14,1.0,1.0,58.0,10.020000000000067,-0.008980232671424863,0.08494303778130972,1.545481013166536
independent,0.25,1,visible,15,0.0,0.8333333333333334,100.0,5.250000000000109,-0.006486695649610424,0.09138069353871177,1.5435133650920332
independent,0.25,1,visible,16,1.0,1.0,52.5,10.350000000000044,-0.014252579395164578,0.09977028001518451,1.5344083793729733
independent,0.25,1,visible,17,1.0,1.0,40.0,11.100000000000044,-0.017591681288234764,0.1387264366438152,1.5275888598501763
independent,0.25,1,visible,18,0.75,0.9583333333333334,85.5,7.807500000000103,-0.00931588916776809,0.11047972463991491,1.5276201804938097
independent,0.25,1,visible,19,1.0,1.0,43.75,10.87500000000005,-0.01714548833687446,0.1414849229345675,1.507927037201395
independent,0.25,1,visible,20,1.0,1.0,34.0,11.460000000000035,-0.017661669622844076,0.1750688396933269,1.493037829787933
independent,0.25,1,visible,21,0.25,0.8750000000000001,90.25,6.397500000000093,-0.008945596493054339,0.11210422535315855,1.493092004702708
independent,0.25,1,visible,22,0.75,0.9583333333333334,52.5,9.78750000000006,-0.014905376881396306,0.11350006482493709,1.4932690448479036
independent,0.25,1,visible,23,1.0,1.0,44.0,10.860000000000051,-0.019780554402433998,0.11495412294099243,1.4798854296180635
independent,0.25,1,visible,24,1.0,1.0,49.0,10.560000000000057,-0.0173428291303764,0.10750469732274537,1.4989749602560307
independent,0.25,1,visible,25,1.0,1.0,40.75,11.055000000000048,-0.01789501635248567,0.1401002244647341,1.4649998691241866
independent,0.25,1,visible,26,1.0,1.0,45.25,10.785000000000053,-0.01441493989332035,0.12404696112247855,1.4746299655832023
independent,0.25,1,visible,27,0.75,0.9583333333333334,61.75,9.23250000000007,-0.01175754742726525,0.11027633601295404,1.4661918589316782
independent,0.25,1,visible,28,0.75,0.9583333333333334,75.75,8.392500000000094,-0.007957989151694858,0.0723088872253037,1.4791932279262598
independent,0.25,1,visible,29,0.75,0.9583333333333334,60.75,9.292500000000073,-0.012576794602470605,0.09559531362571656,1.4857548293355738
independent,0.25,1,visible,30,1.0,1.0,45.75,10.755000000000056,-0.018021486548813425,0.1417269195674824,1.4752866350018856
independent,0.25,2,visible,1,0.25,0.8750000000000001,82.5,6.8625000000001,-0.025552966922939218,0.10105680304978842,1.603314693525762
independent,0.25,2,visible,2,0.25,0.7916666666666667,86.5,5.4975000000000875,-0.014235814383991477,0.08192207126641717,1.5986982028492633
independent,0.25,2,visible,3,0.25,0.8333333333333334,83.0,6.270000000000092,-0.011245686138007152,0.0877636152950743,1.5943755978925793
independent,0.25,2,visible,4,0.75,0.9583333333333334,75.0,8.437500000000066,-0.011153906508861599,0.10835795248373599,1.5912200319197274
independent,0.25,2,visible,5,0.25,0.8750000000000001,95.75,6.0675000000001145,-0.007143071381711552,0.09395724667962811,1.5882056555298096
independent,0.25,2,visible,6,0.5,0.875,83.25,6.817500000000056,-0.008251098887583352,0.0839497974201543,1.584755887677739
independent,0.25,2,visible,7,0.75,0.9583333333333334,61.75,9.23250000000007,-0.013791800160851264,0.14014717240922098,1.5811929810362144
independent,0.25,2,visible,8,1.0,1.0,65.75,9.555000000000081,-0.00928150717466854,0.08561106778049571,1.5726138683974689
independent,0.25,2,visible,9,0.75,0.9583333333333334,56.25,9.562500000000059,-0.015283384113280328,0.15205256158580974,1.5583153620663097
independent,0.25,2,visible,10,0.75,0.9583333333333334,71.0,8.677500000000078,-0.007494498269225801,0.12278353131449422,1.5408967146777952
independent,0.25,2,visible,11,0.75,0.9583333333333334,57.75,9.472500000000068,-0.012229288241398498,0.09402940265434097,1.5248024650661274
independent,0.25,2,visible,12,0.25,0.7499999999999999,80.75,5.280000000000093,-0.010226737464893944,0.10177443104117341,1.5251920644125008
independent,0.25,2,visible,13,1.0,1.0,66.5,9.510000000000081,-0.009283030835640785,0.08907939524858598,1.5135395805606418
independent,0.25,2,visible,14,0.5,0.875,69.25,7.657500000000079,-0.008084732138300793,0.10182248341136634,1.5156300583263815
independent,0.25,2,visible,15,0.25,0.8333333333333334,89.25,5.895000000000089,-0.007455743613041042,0.06800825359767775,1.5192302315471276
independent,0.25,2,visible,16,0.5,0.9166666666666667,63.5,8.56500000000007,-0.00986874435904136,0.10557949187760733,1.5138990611559018
independent,0.25,2,visible,17,0.25,0.8333333333333334,98.0,5.370000000000116,-0.007458631527935362,0.07453072791227695,1.5157552557796123
independent,0.25,2,visible,18,1.0,1.0,35.5,11.37000000000004,-0.016618085545830812,0.17589143823553618,1.500549108691784
independent,0.25,2,visible,19,1.0,1.0,38.5,11.190000000000047,-0.017824607966501566,0.10121343581461477,1.5106032849304716
independent,0.25,2,visible,20,0.75,0.9166666666666666,46.75,9.570000000000045,-0.017120136089822265,0.13179754916958777,1.5165316128151611
independent,0.25,2,visible,21,1.0,1.0,42.5,10.950000000000049,-0.0161476617924515,0.1270961780828335,1.4993196744883488
independent,0.25,2,visible,22,0.75,0.9583333333333334,66.0,8.977500000000077,-0.008471271203274568,0.09419837731462473,1.5026367969851255
independent,0.25,2,visible,23,0.75,0.9583333333333334,55.0,9.637500000000054,-0.01574374954889258,0.13282231065691355,1.4953552310812848
independent,0.25,2,visible,24,1.0,1.0,45.75,10.755000000000049,-0.018149207706212547,0.1262355929113452,1.485520699775769
independent,0.25,2,visible,25,1.0,1.0,39.75,11.115000000000046,-0.017609012871566913,0.1150667922055945,1.4934562883480254
independent,0.25,2,visible,26,0.75,0.9166666666666666,81.5,7.485000000000098,-0.00814922138383289,0.10243492996616642,1.4950629761327736
independent,0.25,2,visible,27,0.5,0.9166666666666667,87.75,7.110000000000108,-0.00886057455561315,0.09936898519659947,1.483961840600785
independent,0.25,2,visible,28,0.5,0.9166666666666667,77.5,7.725000000000091,-0.008781110937940277,0.0984341630915145,1.4775588108484525
independent,0.25,2,visible,29,1.0,1.0,42.25,10.965000000000051,-0.016990251447032922,0.12552724219881492,1.4646267784819573
independent,0.25,2,visible,30,1.0,1.0,35.5,11.37000000000004,-0.020098626391658863,0.17160481075534761,1.450325518295086
independent,0.5,0,visible,1,0.5,0.8333333333333334,84.5,12.430000000000097,-0.023140360924255237,0.19382831869497197,1.6024000251224113
independent,0.5,0,visible,2,0.75,0.9583333333333334,67.0,16.105000000000075,-0.013156585108000532,0.28745457704400895,1.5994675054888114
independent,0.5,0,visible,3,1.0,1.0,52.25,17.865000000000045,-0.009577902739743526,0.43314380707842276,1.5924288183904984
independent,0.5,0,visible,4,0.75,0.9583333333333334,79.25,15.37000000000004,-0.007744381879491095,0.19124517772394992,1.5851569114489736
independent,0.5,0,visible,5,0.75,0.9583333333333334,62.0,16.405000000000058,-0.008704680854481827,0.21150197639377433,1.577667075568342
independent,0.5,0,visible,6,0.5,0.875,85.25,13.260000000000097,-0.007458991033790687,0.20752576215110077,1.5732700170863732
independent,0.5,0,visible,7,0.5,0.9166666666666667,79.25,14.495000000000061,-0.008903225126991656,0.27238359732697826,1.5656297070614655
independent,0.5,0,visible,8,0.75,0.9166666666666666,64.5,15.38000000000005,-0.009414292414749953,0.1820178615077789,1.5555681165713906
independent,0.5,0,visible,9,0.5,0.875,78.0,13.695000000000093,-0.004524388212674704,0.21886821344724774,1.556539498078657
independent,0.5,0,visible,10,0.5,0.9166666666666667,84.25,14.195000000000103,-0.005516914515900902,0.1692059763386368,1.5588511722335936
independent,0.5,0,visible,11,0.5,0.7916666666666666,96.25,10.850000000000115,-0.005715081600194942,0.12846351604384496,1.5594628790403762
independent,0.5,0,visible,12,0.25,0.7916666666666666,89.75,11.240000000000098,-0.006450779534318169,0.16452269171778008,1.5581698191989466
independent,0.5,0,visible,13,0.25,0.8750000000000001,85.0,13.275000000000102,-0.007282785599833449,0.13525093896179383,1.558181001016532
independent,0.5,0,visible,14,1.0,1.0,39.25,18.64499999999999,-0.012712501153823066,0.3173620959649048,1.5437852045966096
independent,0.5,0,visible,15,0.5,0.875,83.25,13.380000000000093,-0.009956014213321264,0.16274359698707855,1.5453941677024006
independent,0.5,0,visible,16,0.5,0.8333333333333334,79.5,12.730000000000098,-0.00865378830403194,0.16827327525069444,1.5467523051799488
independent,0.5,0,visible,17,0.25,0.625,90.75,7.680000000000096,-0.005304347726234882,0.20746042630177342,1.5372987197061139
independent,0.5,0,visible,18,0.0,0.8333333333333334,100.0,11.500000000000119,-0.005277308630448418,0.17220276352244923,1.5447566129983077
independent,0.5,0,visible,19,0.0,0.7083333333333334,100.0,8.875000000000124,-0.0056876976486828,0.12217300964292437,1.539797732784119
independent,0.5,0,visible,20,0.75,0.9166666666666666,76.25,14.675000000000054,-0.00724514793863073,0.1575046912474655,1.5475340953680796
independent,0.5,0,visible,21,0.5,0.875,80.0,13.575000000000099,-0.009451627986725736,0.14842638364296135,1.5343728893305035
independent,0.5,0,visible,22,0.75,0.9583333333333334,80.0,15.325000000000063,-0.008060385439579723,0.14943997597687556,1.5413077003736575
independent,0.5,0,visible,23,0.5,0.875,70.5,14.145000000000053,-0.008433979752154562,0.19532714538545606,1.5411719721539285
independent,0.5,0,visible,24,0.5,0.9166666666666667,74.75,14.765000000000086,-0.006854016342733795,0.1763593547463073,1.542825583881131
independent,0.5,0,visible,25,0.0,0.7083333333333334,100.0,8.875000000000115,-0.008470874357937018,0.16279855917074146,1.531175924432702
independent,0.5,0,visible,26,0.5,0.9166666666666667,69.25,15.095000000000063,-0.006778316341424902,0.23346958532579368,1.5231483349205828
independent,0.5,0,visible,27,0.5,0.9166666666666667,67.5,15.20000000000006,-0.01038015062123377,0.17335552714019598,1.5393272260214894
independent,0.5,0,visible,28,1.0,1.0,43.25,18.404999999999994,-0.010938169651171933,0.27100895676094244,1.5298213405534227
independent,0.5,0,visible,29,0.75,0.9583333333333334,86.0,14.965000000000105,-0.006871687361511039,0.155444068061138,1.5235647627384938
independent,0.5,0,visible,30,1.0,1.0,46.75,18.195000000000036,-0.0180140288101369,0.2514161761623103,1.5108442516746
independent,0.5,1,visible,1,0.0,0.7916666666666666,100.0,10.625000000000108,-0.02121819896821024,0.16852588943745572,1.6030202105005769
independent,0.5,1,visible,2,0.0,0.75,100.0,9.750000000000105,-0.011154445271699232,0.13805354914093584,1.6007258208454067
independent,0.5,1,visible,3,0.75,0.9583333333333334,77.75,15.460000000000086,-0.008243806905255531,0.20535167575660718,1.6000446267301764
independent,0.5,1,visible,4,1.0,1.0,68.75,16.875000000000078,-0.011031717798884675,0.22514953423122322,1.59682443005833
independent,0.5,1,visible,5,0.75,0.9583333333333334,85.25,15.010000000000101,-0.006369314909167319,0.1582444006513626,1.5954525725544764
independent,0.5,1,visible,6,0.75,0.9583333333333334,63.0,16.34500000000007,-0.008543348498678197,0.2487317185687498,1.5917925518082108
independent,0.5,1,visible,7,0.25,0.8750000000000001,85.75,13.230000000000102,-0.007191517953695637,0.21868923807984345,1.5883278472446767
independent,0.5,1,visible,8,0.5,0.9166666666666667,75.0,14.750000000000085,-0.009040341375214575,0.22340405219974088,1.5840967218053483
independent,0.5,1,visible,9,0.25,0.7916666666666667,92.75,11.060000000000109,-0.009123790059905932,0.15798149561531288,1.5794039111420588
independent,0.5,1,visible,10,0.75,0.9583333333333334,74.0,15.68500000000007,-0.007036928418994469,0.20379266887344274,1.5701680050320732
independent,0.5,1,visible,11,0.25,0.8750000000000001,92.75,12.81000000000011,-0.005447570354108946,0.18264258354441895,1.5629836408788542
independent,0.5,1,visible,12,0.5,0.875,75.5,13.845000000000066,-0.007850790796702149,0.19472536979309693,1.5557338457110037
independent,0.5,1,visible,13,0.75,0.9583333333333334,73.0,15.74500000000004,-0.009671662491233328,0.2050108730335195,1.5553548083547486
independent,0.5,1,visible,14,0.5,0.9166666666666667,86.0,14.090000000000067,-0.006311016268722801,0.18349589055741947,1.5516427443180183
independent,0.5,1,visible,15,0.5,0.9166666666666667,82.25,14.315000000000094,-0.0062499251669860196,0.15395059722921492,1.5460464623600265
independent,0.5,1,visible,16,0.5,0.8333333333333333,88.25,12.20500000000009,-0.005841223726851061,0.15458323879634678,1.5478307560190672
independent,0.5,1,visible,17,0.75,0.9583333333333334,55.5,16.79500000000006,-0.012285889743784384,0.2242877560562153,1.534552422515867
independent,0.5,1,visible,18,1.0,1.0,60.0,17.400000000000013,-0.0120061976592918,0.24027199327292378,1.5324890168331466
independent,0.5,1,visible,19,0.75,0.9166666666666666,66.5,15.26000000000003,-0.010380013953227003,0.18441109122338226,1.5273960532577444
independent,0.5,1,visible,20,0.75,0.9583333333333334,61.25,16.45000000000006,-0.00945878537638429,0.20662543419727375,1.5256529790344533
independent,0.5,1,visible,21,0.25,0.7916666666666666,95.5,10.895000000000117,-0.006889181565430509,0.14262130037990242,1.5252316192092257
independent,0.5,1,visible,22,0.75,0.9583333333333334,78.25,15.430000000000078,-0.009333175001476993,0.14625037462160165,1.5235985535460193
independent,0.5,1,visible,23,0.5,0.9166666666666667,91.25,13.775000000000102,-0.005119280474713181,0.11705745654331307,1.526787879211328
independent,0.5,1,visible,24,1.0,1.0,41.0,18.540000000000006,-0.013566747333224938,0.276704389929342,1.5217141399255183
independent,0.5,1,visible,25,0.75,0.9583333333333334,79.25,15.370000000000093,-0.008762508352814818,0.14289324140370904,1.5207657597317967
independent,0.5,1,visible,26,0.75,0.9583333333333334,74.5,15.655000000000083,-0.008566689889150885,0.19330639861985258,1.5185891198976025
independent,0.5,1,visible,27,1.0,1.0,68.25,16.90500000000008,-0.009961598882844666,0.16509478982823586,1.5125346439851162
independent,0.5,1,visible,28,0.5,0.9166666666666667,73.5,14.840000000000071,-0.0056887939829501875,0.19813692776370614,1.5112206680310105
independent,0.5,1,visible,29,0.75,0.9166666666666666,74.5,14.780000000000076,-0.01104794361894118,0.15124030844747194,1.5125548249475373
independent,0.5,1,visible,30,1.0,1.0,38.0,18.719999999999988,-0.020191407559442914,0.30235122767917877,1.5174015334301512
independent,0.5,2,visible,1,0.25,0.8750000000000001,82.5,13.425000000000097,-0.02355379503965405,0.19242769379699207,1.6037244904752537
independent,0.5,2,visible,2,0.5,0.7916666666666667,71.5,12.33500000000005,-0.014815490817053217,0.20116827521034938,1.599883186055416
independent,0.5,2,visible,3,0.25,0.75,86.25,10.575000000000072,-0.00951436207275155,0.1289591729008127,1.595714198579424
independent,0.5,2,visible,4,0.25,0.8750000000000001,94.5,12.705000000000094,-0.006730807847599801,0.20340705472067397,1.5928175179433104
independent,0.5,2,visible,5,0.75,0.9583333333333334,85.0,15.025000000000105,-0.006987419352398047,0.14702289670807078,1.5917966112974689
independent,0.5,2,visible,6,0.5,0.8333333333333334,93.0,11.920000000000112,-0.007985811597032674,0.13576057177098189,1.5870952585852176
independent,0.5,2,visible,7,0.5,0.875,83.75,13.35000000000009,-0.009654306677083441,0.17138438850051174,1.5796691220613646
independent,0.5,2,visible,8,1.0,1.0,71.75,16.695000000000086,-0.009571555071047953,0.1583464978608339,1.5685357263938
independent,0.5,2,visible,9,0.5,0.8333333333333334,90.0,12.100000000000101,-0.008230728319861188,0.2226481210621315,1.5610527826771747
independent,0.5,2,visible,10,0.75,0.9583333333333334,70.5,15.895000000000046,-0.0058227349094161565,0.2529977967152453,1.5513292977670978
independent,0.5,2,visible,11,0.5,0.9166666666666667,81.25,14.375000000000098,-0.00782683979832574,0.1925757273743698,1.5470250775034458
independent,0.5,2,visible,12,0.75,0.9583333333333334,89.0,14.78500000000009,-0.006871251428020793,0.190521642860516,1.5406242961057144
independent,0.5,2,visible,13,0.75,0.9583333333333334,68.0,16.045000000000055,-0.009330474625803655,0.17175766670946635,1.5392877429374703
independent,0.5,2,visible,14,0.5,0.9166666666666667,77.5,14.60000000000009,-0.0074267115062626515,0.20888883069386563,1.5387810930320451
independent,0.5,2,visible,15,0.75,0.9166666666666666,53.75,16.025000000000034,-0.009460305452463971,0.3007951558622344,1.531952193422387
independent,0.5,2,visible,16,0.75,0.9583333333333334,56.5,16.735000000000035,-0.00816946698429107,0.1993692220224028,1.5198274647809749
independent,0.5,2,visible,17,0.5,0.9166666666666667,72.75,14.88500000000008,-0.007731327608666759,0.25057853614632036,1.5254704778769916
independent,0.5,2,visible,18,0.75,0.9583333333333334,72.0,15.805000000000057,-0.006632966698461328,0.19216273598101385,1.511091743320818
independent,0.5,2,visible,19,0.5,0.9166666666666667,70.0,15.050000000000068,-0.006997290608499917,0.14981870599850375,1.5143990016365996
independent,0.5,2,visible,20,1.0,1.0,31.5,19.110000000000007,-0.011259879599892464,0.40208922057430513,1.4880308864716076
independent,0.5,2,visible,21,0.75,0.9583333333333334,66.75,16.12000000000005,-0.007902737499148712,0.2309726610588512,1.5002095512936489
independent,0.5,2,visible,22,0.5,0.875,68.25,14.280000000000042,-0.011161625509025143,0.19206695068444748,1.4930113929282942
independent,0.5,2,visible,23,0.25,0.7916666666666667,92.75,11.060000000000114,-0.009508652455822384,0.18828677067010022,1.508322330248529
independent,0.5,2,visible,24,1.0,1.0,80.25,16.18500000000009,-0.00735504681492273,0.180143376235963,1.5104904191944064
independent,0.5,2,visible,25,0.25,0.7916666666666667,83.0,11.645000000000088,-0.0070640154832595945,0.19322280628257915,1.5008653093366762
independent,0.5,2,visible,26,0.5,0.9166666666666667,81.25,14.375000000000083,-0.006930355482233833,0.14537747502828166,1.5134427940694017
independent,0.5,2,visible,27,0.75,0.9583333333333334,68.5,16.015000000000075,-0.00828872872347091,0.17572123239971651,1.5022163851961565
independent,0.5,2,visible,28,1.0,1.0,46.5,18.210000000000015,-0.014504951473600125,0.1585445184570451,1.4793627498815993
independent,0.5,2,visible,29,1.0,1.0,42.5,18.449999999999985,-0.017883014219329744,0.23860360727190777,1.480330152162251
independent,0.5,2,visible,30,1.0,1.0,72.5,16.650000000000045,-0.008725854305449794,0.1774439453054882,1.472650729611644
independent,0.75,0,visible,1,0.5,0.8333333333333334,84.5,18.679999999999705,-0.020040795933003296,0.3672845720723383,1.6024609660804898
independent,0.75,0,visible,2,0.75,0.9583333333333334,69.5,23.142499999999526,-0.011005402525132163,0.5034882898022439,1.6000245322268585
independent,0.75,0,visible,3,0.5,0.9166666666666667,77.25,21.489999999999743,-0.006753906184711348,0.4592128589031003,1.596156832567878
independent,0.75,0,visible,4,0.5,0.9166666666666667,81.25,21.249999999999584,-0.007166206548597562,0.3793038810909956,1.5897410532142804
independent,0.75,0,visible,5,0.5,0.9166666666666667,80.25,21.309999999999594,-0.006455489038101663,0.4105957905919871,1.5835100723604032
independent,0.75,0,visible,6,0.0,0.75,100.0,15.374999999999828,-0.005825781499004108,0.31873280557333583,1.5785901570486487
independent,0.75,0,visible,7,1.0,1.0,46.0,25.739999999999814,-0.010278323336417932,0.5819985584366686,1.5692797720172444
independent,0.75,0,visible,8,0.75,0.9583333333333334,68.5,23.202499999999656,-0.006792818532876441,0.4212993521428441,1.5638120620315643
independent,0.75,0,visible,9,0.5,0.9166666666666667,73.25,21.729999999999695,-0.006245378603632112,0.4012713934088518,1.5575524583927747
independent,0.75,0,visible,10,0.25,0.8750000000000001,98.75,19.012499999999505,-0.004669010042712254,0.3538805463040904,1.5599785618741417
independent,0.75,0,visible,11,0.25,0.8750000000000001,89.5,19.567499999999654,-0.005152978543437102,0.38959156176388193,1.5528826534484637
independent,0.75,0,visible,12,0.5,0.8333333333333334,77.75,19.084999999999987,-0.007254755068484417,0.3514415565849282,1.5462438130422917
independent,0.75,0,visible,13,0.5,0.875,91.25,19.462499999999732,-0.0057340510012413295,0.31650097399610555,1.5459384589458685
independent,0.75,0,visible,14,0.75,0.9583333333333334,52.5,24.162499999999834,-0.006878434466764279,0.4922997426619346,1.535395134119342
independent,0.75,0,visible,15,0.5,0.7916666666666667,91.0,17.102499999999786,-0.005815819121864186,0.32350396385463637,1.5433068544727353
independent,0.75,0,visible,16,0.25,0.8333333333333334,87.0,18.52999999999969,-0.005382014699849926,0.30708415099768177,1.5444878852005093
independent,0.75,0,visible,17,0.0,0.7500000000000001,100.0,15.374999999999687,-0.005341502522975367,0.2999950219282982,1.5405766628226465
independent,0.75,0,visible,18,0.5,0.9166666666666667,83.75,21.099999999999678,-0.005645370171658237,0.2478937611914628,1.5460093250160705
independent,0.75,0,visible,19,0.5,0.875,85.0,19.83749999999998,-0.005858178501232654,0.3104680293856299,1.5424490572276692
independent,0.75,0,visible,20,0.5,0.9166666666666667,84.0,21.084999999999575,-0.006481963908701573,0.29199567962716233,1.5435540573760553
independent,0.75,0,visible,21,0.75,0.9166666666666666,60.25,22.50999999999983,-0.0067872464492579635,0.36256629604701046,1.5289175584286039
independent,0.75,0,visible,22,0.75,0.9166666666666666,66.25,22.149999999999714,-0.007555419401070042,0.3508314181539925,1.52473801702573
independent,0.75,0,visible,23,0.5,0.9166666666666667,86.25,20.94999999999957,-0.005425411994071361,0.2865676069013095,1.5218180010798676
independent,0.75,0,visible,24,0.75,0.9583333333333334,87.25,22.077499999999578,-0.005795237534223234,0.31699089357005744,1.5301790143785512
independent,0.75,0,visible,25,0.25,0.7916666666666666,84.25,17.507500000000064,-0.004954734726473189,0.3019309366743242,1.5295988422645674
independent,0.75,0,visible,26,0.25,0.8750000000000001,94.0,19.297499999999708,-0.006646760568366382,0.23176631355521393,1.5371704428194342
independent,0.75,0,visible,27,0.75,0.9166666666666666,65.25,22.20999999999992,-0.009604672713192057,0.2792517876088963,1.5332861160441953
independent,0.75,0,visible,28,0.5,0.9166666666666667,86.75,20.91999999999952,-0.007417766761233756,0.4266445138858668,1.5332411207479104
independent,0.75,0,visible,29,0.25,0.8333333333333334,97.75,17.884999999999522,-0.00520667008343121,0.2786850801713496,1.533701815105906
independent,0.75,0,visible,30,0.5,0.8333333333333334,85.0,18.649999999999654,-0.008712614668708922,0.3140700568122588,1.5278586976805768
independent,0.75,1,visible,1,0.0,0.7916666666666666,100.0,16.562499999999694,-0.018514492687769,0.32001033534825907,1.6031844935269486
independent,0.75,1,visible,2,0.0,0.7916666666666667,100.0,16.56249999999948,-0.009716604371116176,0.24109413821571404,1.6012045101750851
independent,0.75,1,visible,3,0.5,0.9166666666666667,79.0,21.38499999999984,-0.007736087001391607,0.3733098025040306,1.5998171117426188
independent,0.75,1,visible,4,0.75,0.9166666666666666,67.25,22.0899999999997,-0.008841271343482787,0.41468559884497164,1.5971830696061045
independent,0.75,1,visible,5,0.5,0.9166666666666667,84.0,21.084999999999702,-0.006088315286353171,0.26922078295497115,1.5942426891418442
independent,0.75,1,visible,6,0.25,0.8750000000000001,86.5,19.747499999999565,-0.0064633180099481,0.4355502530773671,1.5896608304960254
independent,0.75,1,visible,7,0.25,0.7916666666666666,94.25,16.907499999999843,-0.007064477157917367,0.30003297954890007,1.5852497631347495
independent,0.75,1,visible,8,0.25,0.7916666666666667,87.25,17.32749999999983,-0.006481984169388663,0.3680051563792968,1.5825947508221019
independent,0.75,1,visible,9,1.0,1.0,66.0,24.539999999999793,-0.008294735463718929,0.2629428599917549,1.579869304690714
independent,0.75,1,visible,10,0.75,0.9583333333333334,67.75,23.247499999999658,-0.008148238008222848,0.4117489010947457,1.571058557834996
independent,0.75,1,visible,11,0.25,0.75,88.75,16.04999999999987,-0.005164342457968665,0.34090681910929016,1.5638311788910697
independent,0.75,1,visible,12,0.75,0.9166666666666666,61.0,22.464999999999847,-0.009298295164755365,0.5283528481338536,1.5511782373667726
independent,0.75,1,visible,13,0.5,0.9166666666666667,71.75,21.819999999999567,-0.007803218460749058,0.4763575960416637,1.548392894459065
independent,0.75,1,visible,14,0.5,0.9166666666666667,84.75,21.039999999999544,-0.008233030328259644,0.3170058475145239,1.5352768751313732
independent,0.75,1,visible,15,0.25,0.875,99.25,18.98249999999948,-0.004019865822796861,0.33462493022221446,1.5303937603346929
independent,0.75,1,visible,16,0.5,0.8333333333333333,77.5,19.09999999999995,-0.004899799291299995,0.3254109436783377,1.5201567774846112
independent,0.75,1,visible,17,0.25,0.8333333333333334,89.75,18.3649999999997,-0.0048669308463278925,0.42139199605391203,1.5162409543909818
independent,0.75,1,visible,18,0.75,0.9583333333333334,80.0,22.51249999999952,-0.00600569247330996,0.35472696008539123,1.521236705538066
independent,0.75,1,visible,19,0.5,0.875,92.5,19.387499999999743,-0.00655661609421037,0.2336621990021547,1.5163301694607487
independent,0.75,1,visible,20,0.25,0.8750000000000001,82.75,19.97249999999955,-0.007804370329745701,0.3304818155535337,1.5196302035172595
independent,0.75,1,visible,21,0.5,0.9166666666666667,87.75,20.859999999999705,-0.006698043908395169,0.3176359772916114,1.5140001024715837
independent,0.75,1,visible,22,0.75,0.9166666666666666,69.75,21.93999999999979,-0.0069115533113682055,0.3482154546662102,1.4905503889800695
independent,0.75,1,visible,23,0.5,0.9166666666666667,85.25,21.00999999999964,-0.007518579648750506,0.30302013060702476,1.4912351369873986
independent,0.75,1,visible,24,0.75,0.9583333333333334,51.25,24.23749999999984,-0.010445959420823782,0.3220194473437302,1.4838789717151544
independent,0.75,1,visible,25,0.5,0.9166666666666667,75.25,21.60999999999978,-0.006482852646787569,0.3203446968258774,1.4834223867220444
independent,0.75,1,visible,26,0.25,0.8333333333333334,86.5,18.55999999999974,-0.005318082595012254,0.35538938649236335,1.4870888283793426
independent,0.75,1,visible,27,0.75,0.9583333333333334,81.0,22.45249999999972,-0.006230465443714462,0.3577247410070219,1.4681983819242788
independent,0.75,1,visible,28,1.0,1.0,43.75,25.874999999999858,-0.0103221215132432,0.47342691757162453,1.4599622106140728
independent,0.75,1,visible,29,1.0,1.0,66.75,24.494999999999862,-0.006471649326995483,0.24712103105330496,1.4656525646689786
independent,0.75,1,visible,30,0.25,0.8333333333333334,84.0,18.70999999999968,-0.008184179882355636,0.4859008809135487,1.4661886005661102
independent,0.75,2,visible,1,0.25,0.8750000000000001,82.5,19.987499999999635,-0.02144127828648296,0.3574682009376778,1.6039305943186888
independent,0.75,2,visible,2,0.0,0.6666666666666666,100.0,12.999999999999924,-0.011089222962345992,0.15804789947643913,1.6001356826018351
independent,0.75,2,visible,3,0.0,0.625,100.0,11.812499999999837,-0.008656030382813372,0.2369831279011656,1.599368505419209
independent,0.75,2,visible,4,0.0,0.8333333333333334,100.0,17.74999999999965,-0.0070468253620449076,0.28349441771812917,1.597183022093792
independent,0.75,2,visible,5,0.5,0.9166666666666667,77.25,21.489999999999522,-0.006616032221271062,0.3133206273835288,1.5937894516543436
independent,0.75,2,visible,6,0.25,0.75,91.0,15.914999999999967,-0.005842114513937002,0.179341913210017,1.5904963634499545
independent,0.75,2,visible,7,0.5,0.9166666666666667,65.5,22.19499999999995,-0.007454161166888116,0.3331230163722402,1.5867283626843953
independent,0.75,2,visible,8,0.75,0.9583333333333334,86.5,22.122499999999786,-0.007616998197106768,0.2156045188832537,1.5857987621352825
independent,0.75,2,visible,9,0.5,0.875,85.75,19.79249999999974,-0.007511051930857974,0.33414148374899133,1.5821311252104613
independent,0.75,2,visible,10,0.5,0.8333333333333333,89.25,18.394999999999985,-0.006017868462355416,0.32938605111185615,1.572077497442562
independent,0.75,2,visible,11,0.5,0.8333333333333334,73.0,19.369999999999827,-0.006897582072217527,0.31022636009749666,1.566843898887517
independent,0.75,2,visible,12,0.75,0.9583333333333334,78.25,22.6174999999995,-0.007750667278332271,0.37391918242177935,1.562380239279242
independent,0.75,2,visible,13,0.75,0.9583333333333334,66.75,23.307499999999727,-0.009329565899493115,0.34266636233131265,1.557614658122593
independent,0.75,2,visible,14,0.5,0.9166666666666667,77.0,21.50499999999954,-0.006721753710984858,0.3665772553505178,1.5488494940011588
independent,0.75,2,visible,15,0.5,0.875,79.75,20.15249999999971,-0.008657201016013428,0.357134865271344,1.5518756262279993
independent,0.75,2,visible,16,0.5,0.875,90.5,19.507499999999606,-0.006687633328907151,0.26798067001178777,1.5500151955292656
independent,0.75,2,visible,17,0.75,0.9166666666666666,78.5,21.41499999999975,-0.006998277891839859,0.41035799495366104,1.5401180480968242
independent,0.75,2,visible,18,1.0,1.0,71.5,24.209999999999802,-0.008879079689895738,0.22167866331074285,1.5257579973078708
independent,0.75,2,visible,19,0.75,0.9166666666666666,72.75,21.759999999999774,-0.008929863364287085,0.2757046500363017,1.5189441085996611
independent,0.75,2,visible,20,0.25,0.8333333333333334,93.0,18.16999999999975,-0.00738286656211615,0.23931451486076907,1.5160003819038599
independent,0.75,2,visible,21,0.25,0.8333333333333334,89.0,18.4099999999996,-0.005629483261531649,0.37072153370179156,1.5092749990435983
independent,0.75,2,visible,22,0.75,0.9166666666666666,69.25,21.969999999999793,-0.008175405582443755,0.2973546703529996,1.5138997326488581
independent,0.75,2,visible,23,0.5,0.8333333333333334,74.0,19.30999999999994,-0.007896200112600097,0.3494657793506861,1.51215780215877
independent,0.75,2,visible,24,0.75,0.9166666666666666,76.0,21.56499999999977,-0.00638224955128223,0.32400973975727426,1.5122974102206133
independent,0.75,2,visible,25,0.5,0.875,88.0,19.657499999999725,-0.005663479077257195,0.24927503050884983,1.514157346348181
independent,0.75,2,visible,26,0.75,0.875,66.5,20.947499999999838,-0.009568931475567566,0.3064517726931804,1.5050990441618881
independent,0.75,2,visible,27,0.0,0.7916666666666666,100.0,16.562499999999577,-0.005149010569886764,0.3555315919500015,1.5130281652306083
independent,0.75,2,visible,28,1.0,1.0,58.25,25.00499999999961,-0.011628729343826255,0.3331046532400532,1.5050884378627092
independent,0.75,2,visible,29,0.0,0.7916666666666667,100.0,16.562499999999346,-0.006585811581678276,0.3135253358466648,1.5174561790870191
independent,0.75,2,visible,30,0.0,0.7916666666666667,100.0,16.562499999999797,-0.0066147313582806885,0.2371962420670076,1.521363492087283
independent,1.0,0,visible,1,0.5,0.8333333333333334,84.5,24.92999999999959,-0.018003814954428612,0.6283076127460258,1.6024220592960787
independent,1.0,0,visible,2,0.75,0.9583333333333334,68.25,30.404999999999475,-0.009549708122010924,0.8737702715457655,1.6000220021550449
independent,1.0,0,visible,3,0.75,0.9583333333333334,69.0,30.359999999999737,-0.0062181166734933705,0.9841166351391512,1.594359911563079
independent,1.0,0,visible,4,0.75,0.9583333333333334,53.0,31.319999999999812,-0.007906766346446778,1.0373467315251597,1.5850991414123696
independent,1.0,0,visible,5,0.75,0.9583333333333334,75.75,29.954999999999472,-0.005251561961078542,0.5503072760696043,1.579038468700167
independent,1.0,0,visible,6,0.0,0.6666666666666666,100.0,17.99999999999967,-0.005663812326418345,0.46055026723827436,1.5730766979217374
independent,1.0,0,visible,7,0.75,0.9583333333333334,72.0,30.179999999999517,-0.008912332324477338,0.8880400819032982,1.5636465388675624
independent,1.0,0,visible,8,0.75,0.9583333333333334,74.25,30.044999999999487,-0.0070727325085317245,0.6067021034486277,1.5565356037437024
independent,1.0,0,visible,9,0.5,0.9166666666666667,82.75,28.034999999999368,-0.004973901724931124,0.6707543546388169,1.5488273507810522
independent,1.0,0,visible,10,0.0,0.625,100.0,16.499999999999666,-0.005788482466659327,0.6052722032042273,1.5417950637426612
independent,1.0,0,visible,11,0.5,0.8333333333333334,89.75,24.614999999999707,-0.005023139305536963,0.46581860070942466,1.5357380043028857
independent,1.0,0,visible,12,0.75,0.9166666666666666,62.25,29.264999999999805,-0.007779427534643685,0.7581140644408544,1.5243321641490475
independent,1.0,0,visible,13,0.25,0.8333333333333334,94.0,24.35999999999932,-0.004859006618548888,0.41481725986483986,1.5291136063773703
independent,1.0,0,visible,14,0.5,0.8333333333333334,85.75,24.854999999999688,-0.008533983458536983,0.5618924472353091,1.5171554052787484
independent,1.0,0,visible,15,0.75,0.8333333333333334,71.25,25.724999999999824,-0.007403248495211435,0.5972725058546033,1.5196352558602442
independent,1.0,0,visible,16,0.0,0.75,100.0,20.999999999999645,-0.006163480762808311,0.3546343754883543,1.5192438166331195
independent,1.0,0,visible,17,0.25,0.7916666666666667,88.5,23.189999999999543,-0.003682966849656769,0.7017626244704084,1.5038144724567257
independent,1.0,0,visible,18,0.5,0.9166666666666667,89.75,27.614999999999434,-0.00523102302069306,0.5687845346911511,1.4874837540702206
independent,1.0,0,visible,19,0.25,0.75,92.5,21.44999999999971,-0.007200042264407611,0.5295304555897914,1.4626532056477923
independent,1.0,0,visible,20,0.25,0.8750000000000001,91.0,26.03999999999941,-0.005111654749776244,0.5482464575889796,1.468596760137811
independent,1.0,0,visible,21,0.25,0.875,93.75,25.874999999999336,-0.006268182281747387,0.5062907969832801,1.448042161120613
independent,1.0,0,visible,22,0.75,0.9583333333333334,74.75,30.014999999999688,-0.006441908858728589,0.4863943942318381,1.4113949481472599
independent,1.0,0,visible,23,0.25,0.8750000000000001,99.25,25.5449999999993,-0.005204195889633797,0.32276529991388253,1.3856134711489059
independent,1.0,0,visible,24,0.25,0.8750000000000001,88.75,26.17499999999936,-0.00629485453785964,0.5339935230093321,1.387782067541376
independent,1.0,0,visible,25,0.5,0.8333333333333334,84.75,24.914999999999637,-0.006119028274522052,0.6250991072732942,1.3786287639590562
independent,1.0,0,visible,26,0.75,0.9166666666666666,61.5,29.309999999999718,-0.007809121378969881,0.9601948187369923,1.3518606457206819
independent,1.0,0,visible,27,0.75,0.9583333333333334,72.5,30.149999999999658,-0.0064895806741008324,0.4873898495571333,1.346762795012041
independent,1.0,0,visible,28,0.25,0.8333333333333334,88.25,24.704999999999618,-0.00532923144834803,0.7063374552964152,1.3495755840008605
independent,1.0,0,visible,29,0.5,0.8333333333333334,94.5,24.3299999999996,-0.004555427190067037,0.488886380456751,1.3718309750816697
independent,1.0,0,visible,30,0.0,0.75,100.0,20.999999999999588,-0.0036009335363326677,0.48811752764842614,1.384765423181001
independent,1.0,1,visible,1,0.0,0.7916666666666666,100.0,22.499999999999563,-0.016550188054147274,0.5484382869493425,1.603226663769864
independent,1.0,1,visible,2,0.25,0.8333333333333334,94.25,24.34499999999932,-0.008418769049684352,0.42179965268956887,1.6015906205055874
independent,1.0,1,visible,3,0.75,0.9583333333333334,80.0,29.699999999999545,-0.005124070830162607,0.5420539823192966,1.601221065117526
independent,1.0,1,visible,4,0.5,0.9166666666666667,86.0,27.83999999999934,-0.00768819820617431,0.5259597770838675,1.5992275169362022
independent,1.0,1,visible,5,0.75,0.9583333333333334,80.25,29.68499999999959,-0.005470664321346312,0.4083081395777253,1.5979569258646196
independent,1.0,1,visible,6,0.5,0.9166666666666667,76.75,28.394999999999825,-0.008246359650402537,0.4420470938066408,1.5905830064130795
independent,1.0,1,visible,7,0.25,0.8750000000000001,85.25,26.384999999999295,-0.006897283940923186,0.6660409145921654,1.5841368366828403
independent,1.0,1,visible,8,0.25,0.7083333333333333,97.5,19.649999999999693,-0.005185594420636263,0.4475096160070391,1.5762908030323464
independent,1.0,1,visible,9,0.5,0.7916666666666667,80.25,23.68499999999959,-0.007635756967339435,0.43383195630197413,1.5701606780464497
independent,1.0,1,visible,10,0.5,0.8333333333333334,71.0,25.739999999999778,-0.00721776784160365,0.6380799259492941,1.566181658557339
independent,1.0,1,visible,11,0.75,0.9583333333333334,71.25,30.224999999999604,-0.0068153205497108425,0.608838194715848,1.5544710080458344
independent,1.0,1,visible,12,0.5,0.9166666666666667,77.5,28.349999999999586,-0.00559615429712139,0.5051836259028031,1.537575163655774
independent,1.0,1,visible,13,0.5,0.875,78.25,26.804999999999477,-0.006570843449232235,0.5083409538947253,1.5385706985143832
independent,1.0,1,visible,14,0.25,0.7916666666666666,80.5,23.66999999999938,-0.007027413512020628,0.5979563337564441,1.53062692449748
independent,1.0,1,visible,15,0.25,0.7083333333333334,97.75,19.63499999999969,-0.0058386112465931735,0.4169245617665052,1.5260032934086318
independent,1.0,1,visible,16,0.25,0.875,83.75,26.474999999999323,-0.003854301860548232,0.47206143969148345,1.5247893793908869
independent,1.0,1,visible,17,0.75,0.8333333333333334,61.25,26.32499999999977,-0.007669498179536111,0.8035256536108225,1.5180579036276924
independent,1.0,1,visible,18,0.5,0.9166666666666667,78.25,28.30499999999951,-0.005342159694720887,0.5089605572375179,1.5206038203835697
independent,1.0,1,visible,19,0.5,0.875,79.75,26.71499999999964,-0.006983510438704436,0.5099652955233331,1.5090167404251378
independent,1.0,1,visible,20,0.5,0.8333333333333333,77.5,25.349999999999646,-0.005930639597251219,0.5160157018844538,1.4822860757887817
independent,1.0,1,visible,21,0.5,0.7916666666666666,83.75,23.474999999999877,-0.00558643087214484,0.3900715305502251,1.4640406962962427
independent,1.0,1,visible,22,0.5,0.9166666666666667,78.75,28.2749999999994,-0.005807925131542224,0.6090703372056623,1.491783494982714
independent,1.0,1,visible,23,0.25,0.8333333333333334,85.75,24.85499999999965,-0.006521230606913488,0.3770011607893053,1.4649770115626894
independent,1.0,1,visible,24,0.75,0.9583333333333334,71.25,30.22499999999943,-0.005162415783182389,0.5379004389138872,1.457029841497697
independent,1.0,1,visible,25,0.5,0.9166666666666667,84.0,27.95999999999964,-0.004980317297092041,0.5203181012183467,1.4479251162508415
independent,1.0,1,visible,26,0.5,0.9166666666666667,85.25,27.884999999999646,-0.005698208889458239,0.41390525599896383,1.459913721367734
independent,1.0,1,visible,27,0.5,0.9166666666666667,94.25,27.344999999999345,-0.00614003928159028,0.4721410500638428,1.4630297454234056
independent,1.0,1,visible,28,0.5,0.7916666666666666,67.75,24.434999999999675,-0.006620107053779585,0.7467886568330471,1.4761116597990653
independent,1.0,1,visible,29,0.25,0.7916666666666666,93.25,22.904999999999344,-0.0062101071287862545,0.56671777871584,1.4838430365022985
independent,1.0,1,visible,30,0.75,0.9166666666666666,54.0,29.759999999999806,-0.008161633208984586,0.6338870485806637,1.460321304260199
independent,1.0,2,visible,1,0.25,0.8750000000000001,82.5,26.549999999999372,-0.019729773938422873,0.601979525271623,1.6039587516677092
independent,1.0,2,visible,2,0.5,0.875,93.5,25.889999999999397,-0.008102260349192076,0.4142721127043976,1.6007700797782303
independent,1.0,2,visible,3,0.0,0.8333333333333334,100.0,23.99999999999956,-0.006591813192323555,0.3577122452428004,1.5991125259681853
independent,1.0,2,visible,4,0.0,0.7500000000000001,100.0,20.999999999999726,-0.005312603353293077,0.4168432978374268,1.59566893099216
independent,1.0,2,visible,5,0.25,0.8333333333333334,94.0,24.359999999999353,-0.006904005709330468,0.45073013867637174,1.592088020871852
independent,1.0,2,visible,6,0.5,0.875,95.75,25.754999999999555,-0.005586872343309137,0.24784177517811168,1.586620990042135
independent,1.0,2,visible,7,0.75,0.9166666666666666,54.25,29.744999999999628,-0.008772933690674646,1.0076619435819978,1.577013567686101
independent,1.0,2,visible,8,0.75,0.9583333333333334,77.0,29.879999999999416,-0.006212961432276509,0.4390439691111596,1.568899842134197
independent,1.0,2,visible,9,0.5,0.9166666666666667,88.25,27.70499999999963,-0.00696397279457077,0.4020735355783727,1.5534922754058604
independent,1.0,2,visible,10,0.25,0.8750000000000001,98.0,25.619999999999294,-0.004695931211014097,0.7565544685827761,1.5468044715758318
independent,1.0,2,visible,11,0.5,0.875,70.75,27.254999999999605,-0.008032838917348876,0.6768093255215066,1.5332263687786691
independent,1.0,2,visible,12,0.5,0.9166666666666667,69.5,28.829999999999462,-0.007890561843921833,0.6237728373174253,1.522175497391019
independent,1.0,2,visible,13,0.0,0.6666666666666666,100.0,17.999999999999748,-0.005191932866037596,0.42985077777851405,1.5229169945770937
independent,1.0,2,visible,14,0.5,0.875,61.5,27.80999999999984,-0.005734806580849704,0.6078889182925531,1.5162678504025726
independent,1.0,2,visible,15,0.25,0.7916666666666666,86.25,23.32499999999941,-0.006304038077275926,0.5329457653330659,1.513077914697986
independent,1.0,2,visible,16,0.5,0.9166666666666667,90.5,27.569999999999432,-0.005755691370214293,0.49225719817083274,1.5051117360676256
independent,1.0,2,visible,17,0.75,0.875,69.75,27.31499999999976,-0.004184919836893717,0.6616132307361161,1.4660003746439154
independent,1.0,2,visible,18,0.5,0.9166666666666667,67.75,28.93499999999954,-0.00573850773097917,0.8189550799932683,1.4563425946781754
independent,1.0,2,visible,19,0.75,0.875,67.0,27.47999999999977,-0.006505177700432425,0.5151005758428643,1.4394796590165686
independent,1.0,2,visible,20,0.25,0.7916666666666667,94.0,22.859999999999488,-0.005005500714404892,0.48074477871252097,1.4394714861631313
independent,1.0,2,visible,21,0.25,0.8333333333333334,82.5,25.049999999999585,-0.008880858014139903,0.46790130218468357,1.462075761982766
independent,1.0,2,visible,22,0.25,0.8333333333333334,98.75,24.07499999999937,-0.008819802774534102,0.5034990129730319,1.4884297698075928
independent,1.0,2,visible,23,0.25,0.7083333333333333,89.0,20.159999999999776,-0.00868814212851392,0.499483671361471,1.4930146764675498
independent,1.0,2,visible,24,1.0,1.0,72.25,31.664999999999637,-0.01010949007044499,0.519551924053519,1.490173130576771
independent,1.0,2,visible,25,0.25,0.7916666666666667,87.0,23.27999999999954,-0.006392992885406475,0.5023583276298637,1.4757735722804275
independent,1.0,2,visible,26,0.5,0.8333333333333333,80.0,25.199999999999488,-0.005336104907308855,0.6335834860532802,1.4830779072585438
independent,1.0,2,visible,27,0.25,0.8750000000000001,88.25,26.20499999999947,-0.006448660156610348,0.4642202270237951,1.4537511406080847
independent,1.0,2,visible,28,0.75,0.9583333333333334,66.5,30.509999999999444,-0.008149980868973276,0.46549924058899556,1.470179107063674
independent,1.0,2,visible,29,0.25,0.7916666666666667,89.0,23.15999999999949,-0.008894403253243229,0.4636701336030767,1.46351196403705
independent,1.0,2,visible,30,0.75,0.9583333333333334,73.0,30.11999999999956,-0.0074349282023483355,0.45638713813160603,1.4610919696460332
